pdb.2yp7,structure.map,Gene,Protein,RSA Multimer,distance.to.224.all.2yp7,
NA,-,1,NA,NA,NA,
NA,-,2,NA,NA,NA,
NA,-,3,NA,NA,NA,
NA,-,4,NA,NA,NA,
NA,-,5,NA,NA,NA,
NA,-,6,NA,NA,NA,
NA,-,7,NA,NA,NA,
NA,-,8,NA,NA,NA,
NA,-,9,NA,NA,NA,
NA,-,10,NA,NA,NA,
NA,-,11,NA,NA,NA,
NA,-,12,NA,NA,NA,
NA,-,13,NA,NA,NA,s
NA,-,14,NA,NA,NA,
NA,-,15,NA,NA,NA,
NA,-,16,NA,NA,NA,
NA,-,17,1,NA,NA,
NA,-,18,2,NA,NA,
NA,-,19,3,NA,NA,
NA,-,20,4,NA,NA,
NA,-,21,5,NA,NA,
NA,-,22,6,NA,NA,
NA,-,23,7,NA,NA,
NA,-,24,8,NA,NA,
NA,-,25,9,0.779874214,NA,
T,T,26,10,0.365384615,99.8456,
A,A,27,11,0.054263566,96.2746,
T,T,28,12,0.25,92.8582,
L,L,29,13,0,89.8817,
C,C,30,14,0.167664671,86.4901,
L,L,31,15,0.014925373,83.4297,
G,G,32,16,0,80.0642,
H,H,33,17,0,76.3872,
H,H,34,18,0.102678571,74.0521,
A,A,35,19,0.031007752,71.905,
V,V,36,20,0.270114943,69.2619,
P,P,37,21,0.641509434,68.5707,
N,N,38,22,0.641025641,64.7588,
G,G,39,23,0.153846154,64.2681,
T,T,40,24,0.226744186,61.0656,
I,I,41,25,0.422885572,60.5721,
V,V,42,26,0.011494253,59.6736,
K,K,43,27,0.224576271,59.7132,
T,T,44,28,0.005813953,62.1446,
I,I,45,29,0.065989848,63.2557,
T,T,46,30,0.034883721,66.3327,
N,N,47,31,0.321243523,64.661,
D,D,48,32,0.398963731,61.3231,
Q,Q,49,33,0.435555556,62.0985,
I,I,50,34,0.106598985,64.5364,
E,E,51,35,0.197309417,64.8566,
V,V,52,36,0,65.1293,
T,T,53,37,0.104651163,65.7507,
N,N,54,38,0.461538462,62.3409,
A,A,55,39,0.124031008,59.1299,
T,T,56,40,0.331395349,55.8425,
E,E,57,41,0.192825112,52.275,
L,L,58,42,0.004975124,50.8038,
V,V,59,43,0.005747126,47.3234,
Q,Q,60,44,0.053333333,44.8191,
S,S,61,45,0.477419355,42.8869,
S,S,62,46,0.470967742,41.1312,
S,S,63,47,0.238709677,38.6815,
T,T,64,48,0.639534884,38.3414,
G,G,65,49,0.259615385,34.6503,
G,G,66,50,0.351694915,33.6958,
I,I,67,51,0,33.1179,
C,C,68,52,0.053892216,35.7855,
D,D,69,53,0.297435897,34.7504,
S,S,70,54,0.425641026,38.1317,
P,P,71,55,0.352201258,39.6125,
H,H,72,56,0.066964286,36.5396,
Q,Q,73,57,0.51459854,33.9634,
I,I,74,58,0.14213198,30.8775,
L,L,75,59,0.089552239,27.382,
D,D,76,60,0.212435233,25.0401,
G,G,77,61,0,21.4591,
E,E,78,62,0.340101523,20.2936,
N,N,79,63,0.310880829,16.4428,
C,C,80,64,0.017964072,16.531,
T,T,81,65,0.156976744,17.5653,
L,L,82,66,0,20.2953,
I,I,83,67,0,18.2741,
D,D,84,68,0,15.5921,
A,A,85,69,0.046511628,18.7393,
L,L,86,70,0.004975124,20.278,
L,L,87,71,0.004975124,17.6856,
G,G,88,72,0,17.4378,
D,D,89,73,0.005181347,14.0158,
P,P,90,74,0.150943396,14.9887,
Q,Q,91,75,0.25,15.3001,
C,C,92,76,0,17.7328,
D,D,93,77,0.119170984,19.9756,
G,G,94,78,0.672413793,22.7131,
F,F,95,79,0.0625,23.1913,
Q,Q,96,80,0.351111111,24.4122,
N,N,97,81,0.435897436,27.6656,
K,K,98,82,0.30044843,28.2265,
K,K,99,83,0.255813953,30.3061,
W,W,100,84,0.010526316,30.7555,
D,D,101,85,0.264248705,32.9941,
L,L,102,86,0,30.3794,
F,F,103,87,0,26.627,
V,V,104,88,0,25.3721,
E,E,105,89,0.067264574,21.8748,
R,R,106,90,0.087591241,20.697,
S,S,107,91,0.625806452,19.1869,
K,K,108,92,0.521186441,16.8359,
A,A,109,93,0.19379845,15.3302,
Y,Y,110,94,0.395833333,11.5438,
S,S,111,95,0.264516129,9.72727,
N,N,112,96,0.384615385,8.09884,
C,C,113,97,0.005988024,8.47488,
Y,Y,114,98,0.015209125,8.18082,
P,P,115,99,0.031446541,7.68411,
Y,Y,116,100,0.117870722,11.4017,
D,D,117,101,0.129533679,14.2697,
V,V,118,102,0.063218391,17.8356,
P,P,119,103,0.308176101,20.6577,
D,D,120,104,0.461139896,22.9849,
Y,Y,121,105,0.285171103,20.5523,
A,A,122,106,0.279069767,23.3545,
S,S,123,107,0.012903226,25.8552,
L,L,124,108,0,23.9959,
R,R,125,109,0.01459854,23.1899,
S,S,126,110,0.032258065,26.8822,
L,L,127,111,0.029850746,28.4595,
V,V,128,112,0.017241379,26.6009,
A,A,129,113,0,27.3885,
S,S,130,114,0.251612903,30.9793,
S,S,131,115,0.058064516,31.3466,
G,G,132,116,0.048076923,30.4707,
T,T,133,117,0.023255814,29.3606,
L,L,134,118,0.009950249,26.5388,
E,E,135,119,0.183856502,29.2042,
F,F,136,120,0.075,28.0244,
N,N,137,121,0.314720812,30.4172,
N,N,138,122,0.569767442,29.3112,
E,E,139,123,0.130044843,31.0345,
S,S,140,124,0.663461538,31.849,
F,F,141,125,0.091666667,30.7977,
N,N,142,126,0.563953488,32.4428,
W,W,143,127,0.042105263,29.7051,
T,T,144,128,0.645348837,32.2979,
G,G,145,129,0.326923077,31.1973,
V,V,146,130,0.08045977,27.4085,
T,T,147,131,0.38372093,25.0651,
Q,Q,148,132,0.342222222,23.5898,
N,N,149,133,0.502564103,20.7438,
G,G,150,134,0.182692308,17.9311,
T,T,151,135,0.317307692,14.9384,
S,S,152,136,0.109677419,11.3638,
S,S,153,137,0.548717949,9.81762,
A,A,154,138,0.062015504,6.66103,
C,C,155,139,0,9.5738,
K,K,156,140,0.470338983,11.8268,
R,R,157,141,0.361313869,15.276,
K,K,158,142,0.615384615,17.763,
S,S,159,143,0.855345912,15.8943,
N,N,160,144,0.346153846,16.1032,
N,N,161,145,0.451612903,13.9239,
S,S,162,146,0.105769231,14.5881,
F,F,163,147,0.054166667,14.1319,
F,F,164,148,0.008333333,15.3514,
S,S,165,149,0.141935484,18.811,
R,R,166,150,0.120437956,20.746,
L,L,167,151,0,19.478,
N,N,168,152,0.015384615,20.5222,
W,W,169,153,0.070175439,18.6877,
L,L,170,154,0,21.8056,
T,T,171,155,0.145348837,21.972,
H,H,172,156,0.305084746,25.0853,
L,L,173,157,0.35483871,27.836,
K,K,174,158,0.644230769,29.6388,
F,F,175,159,0.612903226,28.2063,
K,K,176,160,0.453488372,29.7502,
Y,Y,177,161,0.019011407,28.2822,
P,P,178,162,0.327044025,31.4515,
A,A,179,163,0.534482759,31.6487,
L,L,180,164,0.019900498,30.8743,
N,N,181,165,0.456410256,33.3272,
V,V,182,166,0.143678161,32.7871,
T,T,183,167,0.470930233,34.6919,
M,M,184,168,0.129464286,34.4859,
P,P,185,169,0.352201258,37.538,
N,N,186,170,0,37.6896,
N,N,187,171,0.712820513,40.917,
E,E,188,172,0.373056995,40.1924,
K,K,189,173,0.733333333,41.8715,
F,F,190,174,0.154166667,38.6094,
D,D,191,175,0.259067358,35.7629,
K,K,192,176,0.016949153,32.5085,
L,L,193,177,0.014925373,29.0788,
Y,Y,194,178,0,26.8076,
I,I,195,179,0.030456853,23.0564,
W,W,196,180,0.003508772,21.6454,
G,G,197,181,0,19.1535,
V,V,198,182,0,18.8276,
H,H,199,183,0,16.2077,
H,H,200,184,0.017857143,15.7188,
P,P,201,185,0,14.9111,
G,G,202,186,0.15483871,13.5983,
T,T,203,187,0.360465116,16.9224,
D,D,204,188,0.466666667,20.4413,
N,N,205,189,0.662222222,19.9338,
D,D,206,190,0.192825112,17.2905,
Q,Q,207,191,0.004444444,19.7208,
I,I,208,192,0.348837209,22.5497,
F,F,209,193,0.387096774,20.8304,
L,L,210,194,0.194029851,19.9051,
Y,Y,211,195,0,22.9343,
A,A,212,196,0.293103448,25.5345,
Q,Q,213,197,0.257777778,26.5165,
A,A,214,198,0.550387597,25.9293,
S,S,215,199,0.44516129,24.2146,
G,G,216,200,0.028846154,26.6403,
R,R,217,201,0.116788321,26.8487,
I,I,218,202,0,26.3869,
T,T,219,203,0,29.2266,
V,V,220,204,0,29.447,
S,S,221,205,0,32.909,
T,T,222,206,0.040697674,35.5917,
K,K,223,207,0.281021898,39.254,
R,R,224,208,0.653284672,38.384,
S,S,225,209,0.283870968,35.0237,
Q,Q,226,210,0.128888889,32.8385,
Q,Q,227,211,0.253333333,29.3171,
T,T,228,212,0.174418605,28.4075,
V,V,229,213,0.14213198,24.9049,
I,I,230,214,0.406091371,24.0951,
P,P,231,215,0.06918239,20.9107,
N,N,232,216,0.041025641,19.8805,
I,I,233,217,0.060913706,18.4146,
G,G,234,218,0.009615385,16.5441,
S,S,235,219,0.161290323,13.5269,
R,R,236,220,0.010948905,11.7329,
P,P,237,221,0.044025157,9.73304,
R,R,238,222,0.603508772,6.30379,
V,V,239,223,0.132183908,3.79934,
R,R,240,224,0.295620438,NA,
N,N,241,225,0.375,3.81497,
I,I,242,226,0.184079602,5.56647,
P,P,243,227,0.212903226,8.62444,
S,S,244,228,0.006451613,10.5248,
R,R,245,229,0.02919708,11.3707,
I,I,246,230,0,13.6263,
S,S,247,231,0.012903226,16.4599,
I,I,248,232,0,18.34,
Y,Y,249,233,0.148288973,22.1494,
W,W,250,234,0.154385965,24.9795,
T,T,251,235,0.029069767,28.6013,
I,I,252,236,0.182741117,31.4105,
V,V,253,237,0,34.1698,
K,K,254,238,0.292372881,37.6808,
P,P,255,239,0.377358491,40.2846,
G,G,256,240,0.634615385,42.0896,
D,D,257,241,0.093264249,39.2858,
I,I,258,242,0.155172414,37.012,
L,L,259,243,0.009950249,33.3526,
L,L,260,244,0.063218391,33.1939,
I,I,261,245,0.010152284,30.0436,
N,N,262,246,0.035897436,30.5416,
S,S,263,247,0,27.8729,
T,T,264,248,0.18974359,27.6308,
G,G,265,249,0,23.8754,
N,N,266,250,0,20.4277,
L,L,267,251,0,21.528,
I,I,268,252,0,19.3424,
A,A,269,253,0,22.5192,
P,P,270,254,0.006289308,23.8174,
R,R,271,255,0.259124088,25.1538,
G,G,272,256,0.009615385,27.7642,
Y,Y,273,257,0.041825095,28.4682,
F,F,274,258,0.029166667,28.2153,
K,K,275,259,0.220338983,31.519,
I,I,276,260,0.107142857,32.0247,
R,R,277,261,0.394160584,34.6052,
S,S,278,262,0.831395349,36.3841,
G,G,279,263,0.548076923,37.2293,
K,K,280,264,0.5,36.6586,
S,S,281,265,0.077419355,32.9718,
S,S,282,266,0.058064516,30.5185,
I,I,283,267,0.040609137,27.328,
M,M,284,268,0.03125,27.2045,
R,R,285,269,0.441605839,24.7242,
S,S,286,270,0.064516129,25.9479,
D,D,287,271,0.528497409,25.2385,
A,A,288,272,0.085271318,28.7653,
P,P,289,273,0.440251572,29.1506,
I,I,290,274,0.274111675,30.7662,
G,G,291,275,0.357512953,34.3208,
K,K,292,276,0.645348837,36.9738,
C,C,293,277,0.233532934,39.4804,
N,N,294,278,0.69035533,40.8928,
S,S,295,279,0.116129032,40.6237,
E,E,296,280,0.35426009,40.9109,
C,C,297,281,0,39.081,
I,I,298,282,0,35.3896,
T,T,299,283,0,33.8007,
P,P,300,284,0.132075472,30.4305,
N,N,301,285,0.379487179,32.4478,
G,G,302,286,0,33.7657,
S,S,303,287,0.038709677,36.6932,
I,I,304,288,0.005076142,39.9238,
P,P,305,289,0.377358491,43.5166,
N,N,306,290,0.271794872,44.9296,
D,D,307,291,0.461139896,48.606,
K,K,308,292,0.173728814,48.6738,
P,P,309,293,0.094339623,48.6515,
F,F,310,294,0.020833333,46.2259,
Q,Q,311,295,0.004444444,43.1944,
N,N,312,296,0.215384615,41.369,
V,V,313,297,0.143678161,38.3425,
N,N,314,298,0.102564103,35.8287,
R,R,315,299,0.275423729,36.0848,
I,I,316,300,0.162436548,33.4529,
T,T,317,301,0.122093023,35.3385,
Y,Y,318,302,0.011406844,35.4969,
G,G,319,303,0,38.7274,
A,A,320,304,0.093023256,42.3206,
C,C,321,305,0.005988024,41.8058,
P,P,322,306,0.018867925,44.025,
R,R,323,307,0.190677966,43.6087,
Y,Y,324,308,0.224334601,41.5945,
V,V,325,309,0,43.8735,
K,K,326,310,0.474576271,43.6364,
Q,Q,327,311,0.146666667,46.4878,
N,N,328,312,0.548717949,45.7687,
T,T,329,313,0.360465116,49.2508,
L,L,330,314,0.034825871,51.9791,
K,K,331,315,0.31779661,55.0442,
L,L,332,316,0.004975124,57.3144,
A,A,333,317,0.007751938,60.919,
T,T,334,318,0.098837209,62.1807,
G,G,335,319,0,65.6034,
M,M,336,320,0,68.3146,
R,R,337,321,0.281021898,68.8373,
N,N,338,322,0.015384615,69.2628,
V,V,339,323,0.068965517,72.5329,
P,P,340,324,0.182389937,73.9706,
E,E,341,325,0.69955157,77.3325,
K,K,342,326,0.68220339,80.1179,
Q,Q,343,327,NA,81.6641,
NA,-,344,328,NA,NA,
NA,-,345,329,NA,NA,
NA,-,346,330,0.413461538,NA,
NA,-,347,331,0.064676617,NA,
NA,-,348,332,0.045833333,NA,
NA,-,349,333,0.096153846,NA,
A,A,350,334,0,90.04,
I,I,351,335,0.035532995,87.4119,
A,A,352,336,0.434108527,85.3998,
G,G,353,337,0.317307692,83.5038,
F,F,354,338,0.108333333,80.2265,
I,I,355,339,0.030456853,81.1514,
E,E,356,340,0.434977578,78.5633,
N,N,357,341,0.2,78.4044,
G,G,358,342,0.019230769,76.1717,
W,W,359,343,0.115789474,77.1475,
E,E,360,344,0.381165919,74.8868,
G,G,361,345,0.413461538,77.192,
M,M,362,346,0.013392857,76.6056,
V,V,363,347,0.766497462,74.0398,
D,D,364,348,0.601036269,74.9775,
G,G,365,349,0.096153846,74.7824,
W,W,366,350,0.147368421,73.548,
Y,Y,367,351,0,76.9676,
G,G,368,352,0,80.4357,
F,F,369,353,0.0125,83.9823,
R,R,370,354,0.317518248,85.7249,
H,H,371,355,0.084821429,89.4992,
Q,Q,372,356,0.524444444,92.4489,
N,N,373,357,0.071794872,95.7273,
S,S,374,358,0.664516129,98.6896,
E,E,375,359,0.506726457,96.4738,
G,G,376,360,0.317307692,93.6689,
I,I,377,361,0.598837209,90.2557,
G,G,378,362,0.25,87.5955,
Q,Q,379,363,0.315555556,84.2291,
A,A,380,364,0.15503876,82.8899,
A,A,381,365,0.240310078,79.6516,
D,D,382,366,0.07253886,79.9139,
L,L,383,367,0.651741294,77.7526,
K,K,384,368,0.661016949,77.8741,
S,S,385,369,0.051612903,76.5975,
T,T,386,370,0.058139535,73.9374,
Q,Q,387,371,0.342222222,72.6506,
A,A,388,372,0.248062016,72.7136,
A,A,389,373,0,70.3812,
I,I,390,374,0.203045685,68.066,
N,N,391,375,0.445595855,67.8355,
Q,Q,392,376,0.182222222,66.9073,
I,I,393,377,0.025380711,64.2505,
N,N,394,378,0.38974359,62.8219,
G,G,395,379,0.173076923,62.9729,
K,K,396,380,0.004237288,60.6317,
L,L,397,381,0.149253731,58.3325,
N,N,398,382,0.507692308,58.0659,
R,R,399,383,0.138686131,56.9995,
L,L,400,384,0.097701149,54.2501,
I,I,401,385,0.319796954,53.0214,
G,G,402,386,0.408071749,50.865,
K,K,403,387,0.673728814,50.7661,
T,T,404,388,0.162790698,47.1371,
N,N,405,389,0.143589744,45.6686,
E,E,406,390,0.385650224,42.4342,
K,K,407,391,0.148305085,39.5761,
F,F,408,392,0.166666667,36.4156,
H,H,409,393,0.196428571,33.7304,
Q,Q,410,394,0.102222222,34.2982,
I,I,411,395,0.065989848,32.2368,
E,E,412,396,0.210762332,29.384,
K,K,413,397,0.072033898,30.824,
E,E,414,398,0.479820628,27.9219,
F,F,415,399,0.220833333,25.2433,
S,S,416,400,0.516129032,21.9424,
E,E,417,401,0.452914798,22.0881,
V,V,418,402,0.373563218,25.0665,
E,E,419,403,0.304932735,26.4155,
G,G,420,404,0.028846154,30.143,
R,R,421,405,0.102189781,32.8118,
I,I,422,406,0.187817259,31.7349,
Q,Q,423,407,0.057777778,30.4488,
D,D,424,408,0.176165803,33.6799,
L,L,425,409,0,35.6315,
E,E,426,410,0.022421525,33.7688,
K,K,427,411,0.449152542,34.4582,
Y,Y,428,412,0.049429658,38.0465,
V,V,429,413,0.045977011,38.7989,
E,E,430,414,0.035874439,37.8062,
D,D,431,415,0.321243523,39.5991,
T,T,432,416,0.081395349,42.644,
K,K,433,417,0.148305085,42.7016,
I,I,434,418,0.060913706,42.4062,
D,D,435,419,0.07253886,45.1566,
L,L,436,420,0.019900498,47.4406,
W,W,437,421,0.024561404,47.0012,
S,S,438,422,0.025806452,47.4563,
Y,Y,439,423,0.159695817,50.6987,
N,N,440,424,0.025641026,51.8013,
A,A,441,425,0,51.2367,
E,E,442,426,0.179372197,53.1204,
L,L,443,427,0.084577114,56.0659,
L,L,444,428,0.064676617,56.2275,
V,V,445,429,0.005747126,56.5222,
A,A,446,430,0.031007752,59.1008,
L,L,447,431,0.134328358,61.1163,
E,E,448,432,0.044843049,60.9775,
N,N,449,433,0,61.9874,
Q,Q,450,434,0.088888889,64.8685,
H,H,451,435,0.138392857,65.9533,
T,T,452,436,0,65.8551,
I,I,453,437,0.081218274,67.9588,
D,D,454,438,0.051813472,70.3341,
L,L,455,439,0,70.661,
T,T,456,440,0.005813953,71.2778,
D,D,457,441,0.010362694,73.7392,
S,S,458,442,0.006451613,75.3703,
E,E,459,443,0.062780269,75.9541,
M,M,460,444,0,77.7824,
N,N,461,445,0.056410256,79.8862,
K,K,462,446,0.186440678,80.7327,
L,L,463,447,0.019900498,81.9125,
F,F,464,448,0.025,84.125,
E,E,465,449,0.179372197,85.5774,
R,R,466,450,0.38559322,86.3678,
T,T,467,451,0.005813953,88.1581,
K,K,468,452,0.211538462,90.0435,
K,K,469,453,0.156934307,91.1878,
Q,Q,470,454,0.173333333,92.4541,
L,L,471,455,0.004975124,94.5246,
R,R,472,456,0.131386861,96.3988,
E,E,473,457,0.139013453,99.2787,
N,N,474,458,0,99.0799,
A,A,475,459,0.07751938,96.4433,
E,E,476,460,0.022421525,95.3253,
D,D,477,461,0.202072539,91.8361,
M,M,478,462,0.325892857,91.5821,
G,G,479,463,0.230769231,88.591,
N,N,480,464,0.297435897,86.1098,
G,G,481,465,0,85.0067,
C,C,482,466,0.077844311,88.1952,
F,F,483,467,0.045833333,91.4688,
K,K,484,468,0.36440678,94.8688,
I,I,485,469,0.005076142,96.6327,
Y,Y,486,470,0.068441065,100.378,
H,H,487,471,0,101.573,
K,K,488,472,0.61440678,101.266,
C,C,489,473,0.005988024,97.9702,
D,D,490,474,0.393782383,97.3726,
N,N,491,475,0.358974359,94.2335,
A,A,492,476,0.558139535,95.0251,
C,C,493,477,0.017964072,95.7235,
I,I,494,478,0.005076142,92.3987,
G,G,495,479,0.31838565,90.6985,
S,S,496,480,0.135483871,92.4689,
I,I,497,481,0.005076142,90.9191,
R,R,498,482,0.204379562,87.4773,
N,N,499,483,0.441025641,87.7763,
G,G,500,484,0.471153846,89.2803,
T,T,501,485,0.546511628,92.7248,
Y,Y,502,486,0.068441065,94.779,
D,D,503,487,0.445595855,98.0079,
H,H,504,488,0.098214286,99.0228,
D,D,505,489,0.523316062,102.558,
V,V,506,490,0.540229885,103.418,
Y,Y,507,491,0.201520913,102.954,
R,R,508,492,0.080291971,103.791,
D,D,509,493,0.725388601,107.418,
E,E,510,494,0.331838565,106.491,
A,A,511,495,0,103.553,
L,L,512,496,0.069651741,105.475,
N,N,513,497,0.451282051,108.284,
N,N,514,498,0.297435897,105.849,
R,R,515,499,0.03649635,103.91,
F,F,516,500,0.158333333,106.849,
Q,Q,517,501,0.808888889,109.265,
I,I,518,502,NA,110.857,
K,K,519,503,NA,109.697,
,-,520,504,NA,NA,
,-,521,505,NA,NA,
,-,522,506,NA,NA,
,-,523,507,NA,NA,
,-,524,508,NA,NA,
,-,525,509,NA,NA,
,-,526,510,NA,NA,
,-,527,511,NA,NA,
,-,528,512,NA,NA,
,-,529,513,NA,NA,
,-,530,514,NA,NA,
,-,531,515,NA,NA,
,-,532,516,NA,NA,
,-,533,517,NA,NA,
,-,534,518,NA,NA,
,-,535,519,NA,NA,
,-,536,520,NA,NA,
,-,537,521,NA,NA,
,-,538,522,NA,NA,
,-,539,523,NA,NA,
,-,540,524,NA,NA,
,-,541,525,NA,NA,
,-,542,526,NA,NA,
,-,543,527,NA,NA,
,-,544,528,NA,NA,
,-,545,529,NA,NA,
,-,546,530,NA,NA,
,-,547,531,NA,NA,
,-,548,532,NA,NA,
,-,549,533,NA,NA,
,-,550,534,NA,NA,
,-,551,535,NA,NA,
,-,552,536,NA,NA,
,-,553,537,NA,NA,
,-,554,538,NA,NA,
,-,555,539,NA,NA,
,-,556,540,NA,NA,
,-,557,541,NA,NA,
,-,558,542,NA,NA,
,-,559,543,NA,NA,
,-,560,544,NA,NA,
,-,561,545,NA,NA,
,-,562,546,NA,NA,
,-,563,547,NA,NA,
,-,564,548,NA,NA,
,-,565,549,NA,NA,
,-,566,550,NA,NA,
