"Gene","Protein","pdb.2yp7","RSA.2YP7clean","distance.to.224.all.2yp7","samp_unpassaged_1046a_20052015_full","samp_siat_1046a_20052015_full","samp_nonsiat_1046a_20052015_full","samp_unpassaged_1046a_20052015_internal","samp_siat_1046a_20052015_internal","samp_nonsiat_1046a_20052015_internal","samp_unpassaged_1046a_20052015_tips","samp_siat_1046a_20052015_tips","samp_nonsiat_1046a_20052015_tips"
1,NA,NA,NA,NA,0,0,0,0,0,0,0,0,0
2,NA,NA,NA,NA,0,0.49291626,5.409084976,0,0,0.983544007,0,0.492909572,4.425467963
3,NA,NA,NA,NA,0.999860447,1.499947471,0.499957465,0,0,0,0.999776567,1.499922773,0.499938689
4,NA,NA,NA,NA,1.447846638,2.416958867,0.962499788,0,0.48334489,0.481254962,1.447900893,1.933655288,0.481247657
5,NA,NA,NA,NA,0.482595489,0,0,0,0,0,0.482601515,0,0
6,NA,NA,NA,NA,0,0.5,0,0,0,0,0,0.5,0
7,NA,NA,NA,NA,0,0.839484559,0.823660804,0,0,0,0,0.838704284,0.823586137
8,NA,NA,NA,NA,0.914596632,0.458970662,0.454106544,0,0,0,0.914638679,0.458994628,0.454118155
9,NA,NA,NA,NA,0.499989253,1.999618485,2.498966337,0,0.999738158,0,0.499982792,0.999842671,2.498510276
10,NA,NA,NA,NA,1.929670756,1.933298007,1.443520563,0.482692535,0.48343044,0,1.446757805,1.449824111,1.443494805
11,NA,NA,NA,NA,1.680710343,0,3.307711192,0,0,0.830930767,1.67812492,0,2.47551854
12,NA,NA,NA,NA,0,0.483315519,1.444630493,0,0,0.481242626,0,0.48332578,0.963352888
13,NA,NA,NA,NA,0.841749045,2.538324529,0,0,0,0,0.841317581,2.535531867,0
14,NA,NA,NA,NA,1.999849229,2.499970889,3.999901741,0.5,0,0,1.499818948,2.499957201,3.999858364
15,NA,NA,NA,NA,3.205133246,1.377173202,1.818316044,1.373001933,0.918078445,1.363084764,1.832007363,0.459066439,0.454675063
16,NA,NA,NA,NA,2,4,2.5,0,0.5,0.5,2,3.5,2
17,1,NA,NA,NA,0.738944432,0.747903277,0.723886675,0,0.747565456,0,0.738533229,0,0.723823259
18,2,NA,NA,NA,1.931404245,0.484190304,3.371342953,1.931563558,0,1.926591613,0,0.484272745,1.444824872
19,3,NA,NA,NA,5.44475573,0.977229026,5.46665786,1.48472197,0.490516784,3.976091019,3.960161361,0.487725125,1.490850434
20,4,NA,NA,NA,0,0.999879157,0,0,0,0,0,0.999822344,0
21,5,NA,NA,NA,3.609599214,2.053807633,2.587046745,1.547259291,0.514063812,0,2.062397171,1.539494054,2.586808339
22,6,NA,NA,NA,1.372002479,0.91792495,1.362837445,0,0,0.90868777,1.372130222,0.917965182,0.454250575
23,7,NA,NA,NA,1.372105047,0.917839401,0.908230572,0,0,0,1.372294491,0.917839401,0.908261515
24,8,NA,0.974358974,NA,0.914526702,0.458932424,1.816320981,0.457263351,0,0.454080245,0.457263351,0.458938407,1.362240736
25,9,NA,0.322580645,NA,0.457263351,0.458919701,3.17868435,0,0,0.90816049,0.457263351,0.458919701,2.270527495
26,10,"T",0.290697674,99.8456,0.499701794,1.997642849,3.489360598,0,0.499473226,1.496917309,0.499522683,1.498143969,1.993052142
27,11,"A",0.015503876,96.2746,0,0,0,0,0,0,0,0,0
28,12,"T",0.139534884,92.8582,0.999444451,0.999662861,0.999094518,0.499825593,0,0.499896779,0.499660101,0.999504411,0.499393111
29,13,"L",0,89.8817,0,0,0,0,0,0,0,0,0
30,14,"C",0,86.4901,0,0,0,0,0,0,0,0,0
31,15,"L",0,83.4297,0,0,0.50037293,0,0,0,0,0,0.500114642
32,16,"G",0,80.0642,0,0,0,0,0,0,0,0,0
33,17,"H",0.053571429,76.3872,0,0,0,0,0,0,0,0,0
34,18,"H",0.089285714,74.0521,0.45730999,0.45895792,0.454106497,0,0,0,0.457338034,0.458975894,0.454118087
35,19,"A",0.03875969,71.905,0.5,1.000060437,0.500031942,0,0,0,0.5,1.000088858,0.500046045
36,20,"V",0.195402299,69.2619,0,0,0,0,0,0,0,0,0
37,21,"P",0.716981132,68.5707,0,0.500030201,0.500032447,0,0,0,0,0.500044403,0.500046773
38,22,"N",0.635897436,64.7588,0,0,0,0,0,0,0,0,0
39,23,"G",0.230769231,64.2681,0,0,0,0,0,0,0,0,0
40,24,"T",0.267441861,61.0656,0.999403712,0,0.5,0,0,0,0.999045565,0,0.5
41,25,"I",0.385786802,60.5721,1.766713715,0.704145168,1.06339029,0.706484297,0,0,1.060209744,0.70436904,1.063378787
42,26,"V",0.034482759,59.6736,0,0,0,0,0,0,0,0,0
43,27,"K",0.355932203,59.7132,1.932346811,0,0.963148326,0.966231975,0,0,0.966138197,0,0.963164803
44,28,"T",0.029069767,62.1446,0,0,0,0,0,0,0,0,0
45,29,"I",0.482233503,63.2557,0,0,0,0,0,0,0,0,0
46,30,"T",0.593023256,66.3327,0.999106177,0.5,0.999790264,0.499801709,0,0.5,0.499403737,0.5,0.49984885
47,31,"N",0.343589744,64.661,1.371790053,1.835678802,4.086958657,0.457263351,0.458919701,0.454080245,0.914526702,1.376759102,3.632944935
48,32,"D",0.704663212,61.3231,0.914547765,0.917992183,0.454115895,0,0,0,0.914560429,0.918064041,0.454131635
49,33,"Q",0.653333333,62.0985,3.329743352,4.572636169,3.142624333,3.339124703,0.907653337,2.374602095,0,3.67118227,0.783088822
50,34,"I",0.086294416,64.5364,0.482494521,0,0.481215852,0,0,0,0.482609549,0,0.481225955
51,35,"E",0.33632287,64.8566,0,0,0,0,0,0,0,0,0
52,36,"V",0,65.1293,0,0,0,0,0,0,0,0,0
53,37,"T",0.075581395,65.7507,0,0,0,0,0,0,0,0,0
54,38,"N",0.456410256,62.3409,0,0,0,0,0,0,0,0,0
55,39,"A",0.069767442,59.1299,0,0,0,0,0,0,0,0,0
56,40,"T",0.302325581,55.8425,0,0,0,0,0,0,0,0,0
57,41,"E",0.197309417,52.275,0,0,0,0,0,0,0,0,0
58,42,"L",0.004975124,50.8038,0,0,0,0,0,0,0,0,0
59,43,"V",0,47.3234,1.499903149,0,0,0.499971339,0,0,0.999931077,0,0
60,44,"Q",0.044444444,44.8191,0,0,0,0,0,0,0,0,0
61,45,"S",0.503225807,42.8869,2.744010109,0.917839401,4.995364899,1.372019137,0.917839401,1.816320981,1.371996588,0,3.179004059
62,46,"S",0.470967742,41.1312,0,0,0.499989397,0,0,0,0,0,0.499984717
63,47,"S",0.212903226,38.6815,0,0,1.111927539,0,0,0.556040263,0,0,0.555930006
64,48,"T",0.73255814,38.3414,1.214307082,1.80484248,1.727172205,0.806948639,1.096818691,1.282755444,0.405551414,0.717656376,0.433677188
65,49,"G",0.298076923,34.6503,0.500256583,0.50000489,0.500000234,0,0,0.50000028,0.500239082,0.499940393,0
66,50,"G",0.134615385,33.6958,1.911574023,1.430049041,1.903697911,0.478512783,0,0.953728522,1.432565901,1.430065907,0.951021535
67,51,"I",0,33.1179,0,0.704092166,0.354834826,0,0,0,0,0.704291069,0.354995189
68,52,"C",0.047904192,35.7855,0,0,0,0,0,0,0,0,0
69,53,"D",0.264248705,34.7504,5.030281826,7.342918557,8.177693603,1.829053404,3.212437904,1.816527304,3.201235733,4.130445476,6.361569257
70,54,"S",0.270967742,38.1317,0.914541011,0.458919701,1.816952107,0,0,0.454137432,0.914549613,0.458919701,1.362847352
71,55,"P",0.396226415,39.6125,0,0,0,0,0,0,0,0,0
72,56,"H",0.066964286,36.5396,0.457415482,0,0.45414188,0.457482309,0,0,0,0,0.454169095
73,57,"Q",0.444444444,33.9634,3.007614095,4.590904708,3.696876163,2.265214756,2.299295088,2.227126659,0.750011646,2.293649875,1.476116758
74,58,"I",0.152284264,30.8775,1.930864567,0.966696427,0.962477455,0.482679604,0.483310719,0,1.448214333,0.483365846,0.962517862
75,59,"L",0.039800995,27.382,0.499994624,0,0.500322629,0,0,0,0.499991393,0,0.500223403
76,60,"D",0.207253886,25.0401,0,0,0,0,0,0,0,0,0
77,61,"G",0,21.4591,0,0,0,0,0,0,0,0,0
78,62,"E",0.502242153,20.2936,2.382172613,3.342752852,1.422300984,1.42828458,0.954876958,0.948145211,0.953277923,2.387910243,0.474112568
79,63,"N",0.266666667,16.4428,0,0,0,0,0,0,0,0,0
80,64,"C",0.011976048,16.531,0,0,0.481350182,0,0,0,0,0,0.481419619
81,65,"T",0.139534884,17.5653,0,0,0,0,0,0,0,0,0
82,66,"L",0,20.2953,0,0.846954417,0,0,0,0,0,0.846391283,0
83,67,"I",0,18.2741,0.352728338,0.703498209,1.063283063,0,0.351793553,0.354456777,0.35271728,0.351728208,0.708829695
84,68,"D",0,15.5921,0,0,0,0,0,0,0,0,0
85,69,"A",0.07751938,18.7393,0,0,1,0,0,0,0,0,1
86,70,"L",0.004975124,20.278,0,0,0,0,0,0,0,0,0
87,71,"L",0.009950249,17.6856,0,0,0,0,0,0,0,0,0
88,72,"G",0.019230769,17.4378,0,0,0,0,0,0,0,0,0
89,73,"D",0.005181347,14.0158,0,0,0,0,0,0,0,0,0
90,74,"P",0.113207547,14.9887,0,0,0,0,0,0,0,0,0
91,75,"Q",0.275555556,15.3001,0.759809542,1.534175241,1.492455896,0,0,0,0.758432772,1.53169295,1.491591183
92,76,"C",0.011976048,17.7328,0,0,0,0,0,0,0,0,0
93,77,"D",0.274611399,19.9756,0,0,0,0,0,0,0,0,0
94,78,"G",0.663461539,22.7131,2.498135733,2.498943032,2.99802553,0.499925792,0.499811088,0.999444892,1.99779109,1.999112144,1.998592714
95,79,"F",0.066666667,23.1913,1.830238938,0.458932412,0.454115276,0.914712977,0,0,0.915364027,0.45893839,0.454130742
96,80,"Q",0.368888889,24.4122,0,0,0.724087491,0,0,0,0,0,0.724112715
97,81,"N",0.353846154,27.6656,1.371790053,0,0.454080245,0,0,0,1.371790053,0,0.454080245
98,82,"K",0.398305085,28.2265,0.4925423,0.492904033,1.475298948,0,0,0,0.492542617,0.492900752,1.475263195
99,83,"K",0.394067797,30.3061,1.449569052,0.969024504,1.927427983,0.965985751,0.484574394,1.445885861,0.483308083,0.484483037,0.481810674
100,84,"W",0.007017544,30.7555,0,0,0,0,0,0,0,0,0
101,85,"D",0.269430052,32.9941,0,0.458932424,0.454088141,0,0,0,0,0.458938407,0.454091627
102,86,"L",0,30.3794,0,0,0,0,0,0,0,0,0
103,87,"F",0,26.627,0,0,0,0,0,0,0,0,0
104,88,"V",0,25.3721,0.999924634,1.499877535,0.99993431,0,0,0,0.999879329,1.499819957,0.999905313
105,89,"E",0.053811659,21.8748,0,0,0,0,0,0,0,0,0
106,90,"R",0.083941606,20.697,0,0,0,0,0,0,0,0,0
107,91,"S",0.632258065,19.1869,0.457286653,0.91789029,0.454080245,0.457325416,0,0,0,0.91791422,0.454080245
108,92,"K",0.542372881,16.8359,2.901114308,2.420194918,1.44635258,0.966909481,0.968092726,0.482030646,1.934230893,1.452106541,0.964311784
109,93,"A",0.186046512,15.3302,0,0.5,0,0,0,0,0,0.5,0
110,94,"Y",0.433460076,11.5438,3.964231191,3.985905271,6.370219295,1.980858669,1.992828569,1.47626189,1.982872029,1.993010979,4.891083669
111,95,"S",0.206451613,9.72727,0,0,0,0,0,0,0,0,0
112,96,"N",0.38974359,8.09884,2.286498752,0,3.633336713,0.457282728,0,0.908195996,1.82923994,0,2.725185586
113,97,"C",0.005988024,8.47488,0,0,0,0,0,0,0,0,0
114,98,"Y",0.038022814,8.18082,0,0,0,0,0,0,0,0,0
115,99,"P",0.025157233,7.68411,0,0,0,0,0,0,0,0,0
116,100,"Y",0.144486692,11.4017,0,0,0,0,0,0,0,0,0
117,101,"D",0.362694301,14.2697,0.457286633,0.917864842,0,0,0,0,0.457300632,0.917876805,0
118,102,"V",0.068965517,17.8356,0,0,0,0,0,0,0,0,0
119,103,"P",0.364779874,20.6577,0.500077071,0.50011836,0,0.500113996,0,0,0,0.500174034,0
120,104,"D",0.507772021,22.9849,1.82937994,2.754206397,0.90816049,0,0,0,1.82957631,2.754530115,0.90816049
121,105,"Y",0.285171103,20.5523,0.499944236,0,0,0,0,0,0.499910717,0,0
122,106,"A",0.465116279,23.3545,1.5,0.5,3,0.5,0,0,1,0.5,3
123,107,"S",0.322580645,25.8552,0,0,0,0,0,0,0,0,0
124,108,"L",0,23.9959,0,0,0.500188455,0,0,0,0,0,0.500271697
125,109,"R",0.01459854,23.1899,0,0,0,0,0,0,0,0,0
126,110,"S",0.277419355,26.8822,0,0,0,0,0,0,0,0,0
127,111,"L",0.208955224,28.4595,0.840072013,0,0.830427429,0,0,0,0.838603231,0,0.82978697
128,112,"V",0.022988506,26.6009,0.999752045,0.499976652,2.998984064,0.499956982,0,0.499973222,0.499827362,0.499965674,2.498838868
129,113,"A",0,27.3885,0,0.5,0,0,0,0,0,0.5,0
130,114,"S",0.251612903,30.9793,1.100288775,1.094464317,1.110663018,1.098866846,0.546433865,0.555823707,0,0.547608335,0.555114494
131,115,"S",0.070967742,31.3466,0,0.499984904,0,0,0,0,0,0.499977806,0
132,116,"G",0.038461539,30.4707,0,0,0,0,0,0,0,0,0
133,117,"T",0.017441861,29.3606,0,0,0,0,0,0,0,0,0
134,118,"L",0.014925373,26.5388,0,0,0,0,0,0,0,0,0
135,119,"E",0.161434978,29.2042,0,0,0.483397274,0,0,0,0,0,0.483406992
136,120,"F",0.05,28.0244,0,0,0,0,0,0,0,0,0
137,121,"N",0.328205128,30.4172,1.829548759,2.295166814,0,0,0.917986158,0,1.829846695,1.377156922,0
138,122,"N",0.569230769,29.3112,1.829053404,1.376759102,4.995794632,0.914526702,0.458919701,0.454080245,0.914526702,0.917839401,4.541997574
139,123,"E",0.165919283,31.0345,0,0,0,0,0,0,0,0,0
140,124,"S",0.787096774,31.849,1.372035569,4.132801884,5.905052608,0.457263351,0.917998493,0,0.91478881,3.215063363,5.905940146
141,125,"F",0.070833333,30.7977,0,0,0,0,0,0,0,0,0
142,126,"N",0.538461539,32.4428,0,0.458919701,0.454094857,0,0,0,0,0.458919701,0.454101308
143,127,"W",0.035087719,29.7051,0,0,0,0,0,0,0,0,0
144,128,"T",0.639534884,32.2979,1.49945469,2.9996441,3.498437071,0.999476926,0.999963552,1.999029757,0.499866198,1.999685454,1.499355716
145,129,"G",0.192307692,31.1973,0,0,0,0,0,0,0,0,0
146,130,"V",0.063218391,27.4085,0,0,0,0,0,0,0,0,0
147,131,"T",0.337209302,25.0651,0.499930156,0.499894251,0.5,0.499814024,0.499858235,0,0,0,0.5
148,132,"Q",0.382222222,23.5898,0,0,0,0,0,0,0,0,0
149,133,"N",0.461538462,20.7438,0.457263351,0.917839401,0.454080245,0.457263351,0.458919701,0.454080245,0,0.458919701,0
150,134,"G",0.144230769,17.9311,0,0,0,0,0,0,0,0,0
151,135,"T",0.430232558,14.9384,0.999895241,2.998582878,0.9999596,0.499986056,0.999577965,0,0.499924516,1.999007914,0.999941765
152,136,"S",0.083870968,11.3638,0,0,0.454092641,0,0,0,0,0,0.454098113
153,137,"S",0.483870968,9.81762,0.5,0,0,0,0,0,0.5,0,0
154,138,"A",0.124031008,6.66103,1.5,0.5,9,0.5,0.5,2,1,0,7
155,139,"C",0,9.5738,0,0,0,0,0,0,0,0,0
156,140,"K",0.436440678,11.8268,1.805376689,1.055580112,5.057599171,0.724700764,0,2.5388045,1.080939271,1.055615761,2.524407746
157,141,"R",0.175182482,15.276,0,0,0,0,0,0,0,0,0
158,142,"K",0.792372881,17.763,4.517349237,3.010923011,9.561150341,3.512674335,2.012179383,4.531437597,1.003996208,1.002493707,5.030972941
159,143,"S",0.703225807,15.8943,0.50018121,0,1.00010623,0,0,0.5,0.500133841,0,0.500076567
160,144,"N",0.584615385,16.1032,2.293316657,0.918491905,5.007205386,2.29047243,0.918274543,2.275296169,0,0,2.731577268
161,145,"N",0.384615385,13.9239,1.371790053,0.458919701,2.724717521,0.914526702,0.458919701,0.90816049,0.457263351,0,1.816547828
162,146,"S",0.15483871,14.5881,0,0.458932416,0.454080245,0,0.458959461,0,0,0,0.454080245
163,147,"F",0.033333333,14.1319,0,0,0,0,0,0,0,0,0
164,148,"F",0.008333333,15.3514,0,0,0,0,0,0,0,0,0
165,149,"S",0.161290323,18.811,0,0,0,0,0,0,0,0,0
166,150,"R",0.076642336,20.746,0.999944075,0.499935665,0.999699438,0,0,0,0.999910456,0.49990542,0.999682907
167,151,"L",0.004975124,19.478,0,0,0,0,0,0,0,0,0
168,152,"N",0.015384615,20.5222,0,0,0,0,0,0,0,0,0
169,153,"W",0.049122807,18.6877,0,0,0,0,0,0,0,0,0
170,154,"L",0,21.8056,0,0,0,0,0,0,0,0,0
171,155,"T",0.139534884,21.972,0,0,0,0,0,0,0,0,0
172,156,"H",0.138392857,25.0853,1.371825,0,0,0,0,0,1.371846011,0,0
173,157,"L",0.313432836,27.836,6.632636468,2.437148105,9.824671535,2.471908935,2.395728059,4.888911191,4.160911314,0,4.922748628
174,158,"K",0.716101695,29.6388,2.777776896,0.918809637,4.606457547,0.925761176,0.919674381,1.380934557,1.852049062,0,3.225554254
175,159,"F",0.670833333,28.2063,0.936471388,0.976605801,2.749506631,0.937511169,0.967044391,1.376281602,0,0,1.3740797
176,160,"K",0.631355932,29.7502,1.94869191,7.409567667,7.727450481,0.487473735,1.969966334,1.932957305,1.460977021,5.441369826,5.794139228
177,161,"Y",0.015209126,28.2822,0,0,0.499989396,0,0,0,0,0,0.499984715
178,162,"P",0.371069182,31.4515,0.500210621,0,2.002425435,0,0,0,0.500337331,0,2.003498068
179,163,"A",0.581395349,31.6487,0,0,0,0,0,0,0,0,0
180,164,"L",0.034825871,30.8743,0,0,0,0,0,0,0,0,0
181,165,"N",0.569230769,33.3272,0,0,0.454091115,0,0,0,0,0,0.454095914
182,166,"V",0.068965517,32.7871,1.499329456,0.49983138,0.499842741,0,0,0,1.498926614,0.499752132,0.499773347
183,167,"T",0.453488372,34.6919,0,0,0,0,0,0,0,0,0
184,168,"M",0.107142857,34.4859,0.666932061,0.33340831,0,0.333510041,0,0,0.333439577,0.333443576,0
185,169,"P",0.289308176,37.538,0,0.500015096,0,0,0,0,0,0.500022194,0
186,170,"N",0,37.6896,0,0,0,0,0,0,0,0,0
187,171,"N",0.671794872,40.917,1.831313021,0.918352812,2.27075725,0.457549974,0.918374716,0.908399648,1.373987163,0,1.362390292
188,172,"E",0.385650224,40.1924,0.95160838,0.953915972,0,0,0,0,0.951689026,0.954031676,0
189,173,"K",0.860169492,41.8715,4.793134754,1.4960073,6.079801065,3.403465035,0,4.029410978,1.374371754,1.495952215,2.031896408
190,174,"F",0.2625,38.6094,0,0,0,0,0,0,0,0,0
191,175,"D",0.21761658,35.7629,0,0,0.454080245,0,0,0,0,0,0.454080245
192,176,"K",0.016949153,32.5085,0,0,0,0,0,0,0,0,0
193,177,"L",0.019900498,29.0788,0,0,0,0,0,0,0,0,0
194,178,"Y",0,26.8076,0,0,0,0,0,0,0,0,0
195,179,"I",0.040609137,23.0564,0,0.966641908,0.481200572,0,0,0,0,0.966667544,0.481203928
196,180,"W",0.003508772,21.6454,0,0,0,0,0,0,0,0,0
197,181,"G",0,19.1535,0,0,0,0,0,0,0,0,0
198,182,"V",0,18.8276,0.999837452,0.49997084,0.99990953,0,0.499981772,0.499986613,0.999739754,0,0.499940706
199,183,"H",0.004464286,16.2077,0,0,1.362477362,0,0,0,0,0,1.362581851
200,184,"H",0.035714286,15.7188,0,0,0,0,0,0,0,0,0
201,185,"P",0,14.9111,0,0,0,0,0,0,0,0,0
202,186,"G",0.028846154,13.5983,0,0.500025324,0.5,0,0,0,0,0.500022345,0.5
203,187,"T",0.331395349,16.9224,0,0,0,0,0,0,0,0,0
204,188,"D",0.590673575,20.4413,1.829473798,0.458919701,0.908252572,0,0,0.454093135,1.829726633,0.458919701,0.454140923
205,189,"N",0.692307692,19.9338,0.967095143,1.475939743,2.40857869,0.967871942,0.98285324,0.964117267,0,0.492240513,1.444693543
206,190,"D",0.326424871,17.2905,0,0,0,0,0,0,0,0,0
207,191,"Q",0.013333333,19.7208,0,0,0,0,0,0,0,0,0
208,192,"I",0.446700508,22.5497,1.930983288,0,4.814096823,0.965277669,0,1.443913739,0.965620332,0,3.370192677
209,193,"F",0.645833333,20.8304,1.372059383,0,2.270809098,0.914756403,0,0.908350392,0.457338055,0,1.362467744
210,194,"L",0.139303483,19.9051,0,0,1.662347263,0,0,0,0,0,1.661820326
211,195,"Y",0,22.9343,0.499789557,0,0,0,0,0,0.499663123,0,0
212,196,"A",0.224806202,25.5345,0.5,0,0,0.5,0,0,0,0,0
213,197,"Q",0.293333333,26.5165,4.430669512,3.004489192,1.448543344,2.234288038,2.992804765,0.724793113,2.204094015,0,0.724041709
214,198,"A",0.612403101,25.9293,1.583166715,2.173744125,3.138859465,1.056871244,1.082996635,1.576662783,0.527294278,1.088703954,1.566257619
215,199,"S",0.283870968,24.2146,1.650230114,0.548431437,2.195852324,0.550196333,0.548815922,1.103064689,1.100009618,0,1.09567285
216,200,"G",0.201923077,26.6403,0,0,0,0,0,0,0,0,0
217,201,"R",0.605839416,26.8487,0.99992308,0,0.49997177,0,0,0,0.999876841,0,0.499959309
218,202,"I",0,26.3869,0.48217215,0.479143151,1.443367429,0,0.481791876,0,0.482008565,0,1.443274085
219,203,"T",0.127906977,29.2266,0,0,0,0,0,0,0,0,0
220,204,"V",0,29.447,0,0,0,0,0,0,0,0,0
221,205,"S",0.187096774,32.909,0,0,0,0,0,0,0,0,0
222,206,"T",0.110465116,35.5917,0,0,0,0,0,0,0,0,0
223,207,"K",0.68220339,39.254,1.933270728,2.420393063,0,0,0.483930965,0,1.933944374,1.93659228,0
224,208,"R",0.664233577,38.384,1.500020659,0.500419438,1.499065679,0.499982718,0.500331677,0,1.000042836,0,1.498653572
225,209,"S",0.2,35.0237,0.457263351,0,0,0,0,0,0.457263351,0,0
226,210,"Q",0.68,32.8385,0,0,0,0,0,0,0,0,0
227,211,"Q",0.231111111,29.3171,0,0,0.723747189,0,0,0,0,0,0.723574155
228,212,"T",0.430232558,28.4075,3,1.5,2,1.5,0.5,1.5,1.5,1,0.5
229,213,"V",0.068965517,24.9049,0.5,1.5,0.5,0.5,0.5,0.5,0,1,0
230,214,"I",0.467005076,24.0951,3.862089055,1.934003509,3.368735418,1.448278213,0.483515242,0.962534746,2.413810853,1.450482369,2.40619664
231,215,"P",0.018867925,20.9107,0.500008553,0,0,0,0,0,0.500013695,0,0
232,216,"N",0.466666667,19.8805,0.914526702,0.917839401,0.454094868,0.457263351,0.458919701,0,0.457263351,0.458919701,0.454101324
233,217,"I",0.269035533,18.4146,0.482610556,0.966685581,1.925005204,0,0,0,0.48262564,0.966731757,1.925108228
234,218,"G",0.211538462,16.5441,0,0,2.069837192,0,0,0,0,0,2.069690687
235,219,"S",0.606451613,13.5269,1,0.5,1.499808367,0.5,0.5,1,0.5,0,0.499907928
236,220,"R",0.251824818,11.7329,0,0,0.499991957,0,0,0,0,0,0.499988406
237,221,"P",0.685534591,9.73304,0,0,14.49324187,0,0,1,0,0,13.49093204
238,222,"R",0.583941606,6.30379,0,0.500776528,1.506995174,0,0,0,0,0.501142499,1.510121634
239,223,"V",0.270114943,3.79934,1.997228928,0.721534163,4.172889063,1.578546524,0.365011995,1.234887421,0.402393886,0.358804998,2.938861499
240,224,"R",0.350364964,NA,0,0,0,0,0,0,0,0,0
241,225,"N",0.574358974,3.81497,1.829053404,1.835678802,21.79585177,1.371790053,0.917839401,7.719364169,0.457263351,0.917839401,14.0764876
242,226,"I",0.131979695,5.56647,1.446582265,0,0,0.482335741,0,0,0.964217934,0,0
243,227,"P",0.144654088,8.62444,0,0.5,0,0,0,0,0,0.5,0
244,228,"S",0.025806452,10.5248,0,0,0,0,0,0,0,0,0
245,229,"R",0.131386861,11.3707,0,0,0,0,0,0,0,0,0
246,230,"I",0,13.6263,0.723485271,0.353960722,1.501273528,0.724673101,0.354058531,0.37175328,0,0,1.130742369
247,231,"S",0.051612903,16.4599,0,0,0,0,0,0,0,0,0
248,232,"I",0,18.34,0,0,0,0,0,0,0,0,0
249,233,"Y",0.186311787,22.1494,0,0,0,0,0,0,0,0,0
250,234,"W",0.185964912,24.9795,0,0,0,0,0,0,0,0,0
251,235,"T",0.023255814,28.6013,0,0,0,0,0,0,0,0,0
252,236,"I",0.284263959,31.4105,0.705630392,0.351975525,0.354493749,0,0,0.354542762,0.705712737,0.35204175,0
253,237,"V",0,34.1698,0,0,0,0,0,0,0,0,0
254,238,"K",0.419491525,37.6808,0.483051063,0,0.481585671,0,0,0,0.483059026,0,0.481598991
255,239,"P",0.333333333,40.2846,0.50001711,0.50005914,0.500013024,0,0,0,0.500027398,0.500086954,0.500018774
256,240,"G",0.461538462,42.0896,0,0,0,0,0,0,0,0,0
257,241,"D",0.067357513,39.2858,0,0,0,0,0,0,0,0,0
258,242,"I",0.329949239,37.012,0.705737024,1.407743774,1.063288635,0.352582998,0.351793561,0.354394826,0.353040386,1.056008802,0.708889749
259,243,"L",0.004975124,33.3526,0,0.499924368,0.500117683,0,0,0,0,0.499888812,0.500169654
260,244,"L",0.288557214,33.1939,0,0,0.823878529,0,0,0,0,0,0.823895204
261,245,"I",0.005076142,30.0436,0,0,0,0,0,0,0,0,0
262,246,"N",0.384615385,30.5416,0,0,0.908213025,0,0,0,0,0,0.908236219
263,247,"S",0.019354839,27.8729,0.457277681,0,0.454080245,0,0,0.454080245,0.457286297,0,0
264,248,"T",0.290697674,27.6308,0,0,0.499956984,0,0,0,0,0,0.499937996
265,249,"G",0,23.8754,0,0,0,0,0,0,0,0,0
266,250,"N",0,20.4277,0,0,0,0,0,0,0,0,0
267,251,"L",0.004975124,21.528,0,0,0,0,0,0,0,0,0
268,252,"I",0,19.3424,0,0,0,0,0,0,0,0,0
269,253,"A",0,22.5192,0,0,0,0,0,0,0,0,0
270,254,"P",0.006289308,23.8174,0,0,0,0,0,0,0,0,0
271,255,"R",0.211678832,25.1538,0,0,0,0,0,0,0,0,0
272,256,"G",0.009615385,27.7642,0,0,0,0,0,0,0,0,0
273,257,"Y",0.034220532,28.4682,0,0,0,0,0,0,0,0,0
274,258,"F",0.025,28.2153,0,0,0,0,0,0,0,0,0
275,259,"K",0.165254237,31.519,0.483072799,0.483883745,0.481588448,0,0,0,0.483084909,0.483888184,0.481599966
276,260,"I",0.223350254,32.0247,1.057852403,0.704021682,1.063375231,0,0,0,1.057619395,0.704187389,1.06335708
277,261,"R",0.412408759,34.6052,10.1264608,5.532697065,10.12404655,2.775704769,2.767872709,3.699230498,7.342524994,2.76563242,6.42894964
278,262,"S",0.767741936,36.3841,1.82921847,3.212815611,2.724820872,0.457373274,1.377265358,0,1.371790053,1.835678802,2.724970734
279,263,"G",0.346153846,37.2293,0.500219913,0,0.500160335,0,0,0,0.50021743,0,0.500205491
280,264,"K",0.550847458,36.6586,0.483062281,0.96778278,2.408169241,0,0,0.481592025,0.483076991,0.967772321,1.926609258
281,265,"S",0.070967742,32.9718,0,0,1.362556228,0,0,0.454108784,0,0,0.908438492
282,266,"S",0.064516129,30.5185,0,0.549075192,0,0,0,0,0,0.549036263,0
283,267,"I",0.040609137,27.328,0.705592794,0.704021604,0,0.352714112,0,0,0.352845886,0.704187274,0
284,268,"M",0.026785714,27.2045,0,0.666927408,1.000087679,0,0,0,0,0.667050084,1.000126391
285,269,"R",0.408759124,24.7242,0.999968563,1.498473554,0,0,0,0,0.999949664,1.497756868,0
286,270,"S",0.051612903,25.9479,0,0,0,0,0,0,0,0,0
287,271,"D",0.523316062,25.2385,0,0.458919701,0,0,0,0,0,0.458919701,0
288,272,"A",0.062015504,28.7653,1,0.5,0,0,0,0,1,0.5,0
289,273,"P",0.559748428,29.1506,0.5,0.5,0,0,0.5,0,0.5,0,0
290,274,"I",0.289340102,30.7662,0,0.482640453,0,0,0,0,0,0.482423266,0
291,275,"G",0.221153846,34.3208,0,1.499365362,1.999574884,0,0.499763483,0.500163622,0,0.999600393,1.49932398
292,276,"K",0.834745763,36.9738,0.483157357,0.967780998,0.963081864,0,0,0,0.483229253,0.967805042,0.963068999
293,277,"C",0.329341317,39.4804,0,0,0,0,0,0,0,0,0
294,278,"N",0.584615385,40.8928,0.952862635,0.489945757,1.402413779,0.476798328,0.488519833,0.936546954,0.476210943,0,0.467117977
295,279,"S",0.129032258,40.6237,0.500156423,0,0.499893107,0,0,0,0.500183607,0,0.499845931
296,280,"E",0.32735426,40.9109,2.866321779,0.477367511,2.871826326,1.433117846,0.477307182,1.910897941,1.433186769,0,0.958084001
297,281,"C",0,39.081,0,0,0,0,0,0,0,0,0
298,282,"I",0,35.3896,0.482509689,0.483299142,0,0,0,0,0.482633795,0.483301703,0
299,283,"T",0,33.8007,0,0,0,0,0,0,0,0,0
300,284,"P",0.13836478,30.4305,0,0,0,0,0,0,0,0,0
301,285,"N",0.420512821,32.4478,0,0,0,0,0,0,0,0,0
302,286,"G",0,33.7657,0,0,0,0,0,0,0,0,0
303,287,"S",0.012903226,36.6932,0,0,0,0,0,0,0,0,0
304,288,"I",0,39.9238,0,0,0.481196767,0,0,0,0,0,0.481198443
305,289,"P",0.352201258,43.5166,0.5,1.5,2,0,0,0.5,0.5,1.5,1.5
306,290,"N",0.225641026,44.9296,1.371875885,0.917839401,0,0,0,0,1.371927493,0.917839401,0
307,291,"D",0.331606218,48.606,1.37194236,0.917862456,0.908423399,0.457356558,0.458955746,0.454108808,0.91457722,0.458919701,0.454257138
308,292,"K",0.165254237,48.6738,0.966341927,0.484038417,0.481632832,0.483249578,0,0,0.483123713,0.483996314,0.481633615
309,293,"P",0.13836478,48.6515,0,0,0,0,0,0,0,0,0
310,294,"F",0.045833333,46.2259,0,0,0,0,0,0,0,0,0
311,295,"Q",0.004444444,43.1944,0,0,0,0,0,0,0,0,0
312,296,"N",0.220512821,41.369,0,0,0,0,0,0,0,0,0
313,297,"V",0.143678161,38.3425,0,0,1.499483312,0,0,0,0,0,1.499255322
314,298,"N",0.097435897,35.8287,0,0,0.454080245,0,0,0,0,0,0.454080245
315,299,"R",0.281021898,36.0848,0,0.487174397,1.458112412,0,0,0.485889941,0,0.487200547,0.972205259
316,300,"I",0.162436548,33.4529,1.446327771,1.933392664,0.962416451,0.962479194,0.483344834,0,0.482633612,1.450049199,0.962429921
317,301,"T",0.110465116,35.3385,0,0,0.499913865,0,0,0,0,0,0.499875848
318,302,"Y",0.015209126,35.4969,0,0,0,0,0,0,0,0,0
319,303,"G",0,38.7274,0,0,0,0,0,0,0,0,0
320,304,"A",0.085271318,42.3206,2.5,3,2,1,1,1,1.5,2,1
321,305,"C",0.035928144,41.8058,0,0,0,0,0,0,0,0,0
322,306,"P",0.018867925,44.025,0,0,0,0,0,0,0,0,0
323,307,"R",0.211678832,43.6087,0,0,0,0,0,0,0,0,0
324,308,"Y",0.190114068,41.5945,0.499958159,0,0,0,0,0,0.499933008,0,0
325,309,"V",0,43.8735,0.999870807,1.499860048,1.999770223,0.499956932,0,0,0.499922461,1.49979425,1.999668799
326,310,"K",0.483050848,43.6364,0,0,0.491728447,0,0,0,0,0,0.491699816
327,311,"Q",0.146666667,46.4878,1.283713478,0.525850843,0.688478092,0.635745394,0.553146138,0.686232003,0.645587766,0,0
328,312,"N",0.553846154,45.7687,1.829146643,1.836137304,2.270428393,1.371790053,0.458919701,1.362240736,0.457300676,1.377264734,0.908176155
329,313,"T",0.372093023,49.2508,0,0,0,0,0,0,0,0,0
330,314,"L",0.054726368,51.9791,0,0,0,0,0,0,0,0,0
331,315,"K",0.254237288,55.0442,0,0,0,0,0,0,0,0,0
332,316,"L",0.004975124,57.3144,0,0,0,0,0,0,0,0,0
333,317,"A",0,60.919,0,0,0,0,0,0,0,0,0
334,318,"T",0.075581395,62.1807,0,0,0,0,0,0,0,0,0
335,319,"G",0,65.6034,0,0,0,0,0,0,0,0,0
336,320,"M",0.013392857,68.3146,0,0,0,0,0,0,0,0,0
337,321,"R",0.273722628,68.8373,0,0,0,0,0,0,0,0,0
338,322,"N",0.092307692,69.2628,0,0,0,0,0,0,0,0,0
339,323,"V",0.172413793,72.5329,0.999253124,2.498225522,1.499871175,0,0.499778109,0,0.998804638,1.998330352,1.49981431
340,324,"P",0.603773585,73.9706,0,0.500055934,0,0,0,0,0,0.50008224,0
341,325,"E",0.291479821,77.3325,0.484831432,0.485462291,0,0,0,0,0.484825623,0.485460266,0
342,326,"K",0.555084746,80.1179,0.48342403,0.484732576,0.963681715,0.483363062,0.484739398,0.481908706,0,0,0.48181091
343,327,"Q",1.102222222,81.6641,0,0.748213778,0.723798489,0,0.748536274,0,0,0,0.723696171
344,328,NA,NA,NA,0,0.5,0.5,0,0,0,0,0.5,0.5
345,329,NA,NA,NA,0,0,0,0,0,0,0,0,0
346,330,NA,NA,NA,0,0,0,0,0,0,0,0,0
347,331,NA,NA,NA,0,0.352011093,0.354602097,0,0,0,0,0.352094064,0.35465951
348,332,NA,NA,NA,0,0,0,0,0,0,0,0,0
349,333,NA,NA,NA,0,0,0,0,0,0,0,0,0
350,334,"A",1.07751938,90.04,0,0,0,0,0,0,0,0,0
351,335,"I",0.152284264,87.4119,0,0,0,0,0,0,0,0,0
352,336,"A",0.255813954,85.3998,0,0,0,0,0,0,0,0,0
353,337,"G",0,83.5038,0,0,0,0,0,0,0,0,0
354,338,"F",0.116666667,80.2265,0,0,0,0,0,0,0,0,0
355,339,"I",0.350253807,81.1514,0,0,0,0,0,0,0,0,0
356,340,"E",0.659192825,78.5633,0,0,0,0,0,0,0,0,0
357,341,"N",0.020512821,78.4044,0,0,0,0,0,0,0,0,0
358,342,"G",0,76.1717,0,0,0,0,0,0,0,0,0
359,343,"W",0,77.1475,0,0,0,0,0,0,0,0,0
360,344,"E",0.385650224,74.8868,0.484612014,0,0,0,0,0,0.484668084,0,0
361,345,"G",0.423076923,77.192,0,0,0,0,0,0,0,0,0
362,346,"M",0.013392857,76.6056,0.335763528,0,0.669541924,0.336579473,0,0.334159392,0,0,0.335041666
363,347,"V",0.735632184,74.0398,5.539343168,4.681820955,9.007092205,3.617124374,3.154016758,4.244819855,1.92528509,1.489424514,4.75129659
364,348,"D",0.611398964,74.9775,0,0,0,0,0,0,0,0,0
365,349,"G",0.057692308,74.7824,0,0,0,0,0,0,0,0,0
366,350,"W",0.147368421,73.548,0,0,0,0,0,0,0,0,0
367,351,"Y",0,76.9676,0,0,0,0,0,0,0,0,0
368,352,"G",0,80.4357,0,0,0,0,0,0,0,0,0
369,353,"F",0.016666667,83.9823,0,0,0,0,0,0,0,0,0
370,354,"R",0.127737226,85.7249,0,0.974463192,0,0,0.487091097,0,0,0.487297689,0
371,355,"H",0.058035714,89.4992,0,0,0,0,0,0,0,0,0
372,356,"Q",0.351111111,92.4489,0.73972986,0.748121841,0.724109196,0,0,0,0.73979026,0.748149874,0.724144004
373,357,"N",0.092307692,95.7273,0,0,0,0,0,0,0,0,0
374,358,"S",0.483870968,98.6896,0,0.999909368,0.499978792,0,0.499858339,0,0,0.5,0.49996943
375,359,"E",0.506726457,96.4738,0.484726218,0,0,0,0,0,0.48465718,0,0
376,360,"G",0.298076923,93.6689,0,0,0,0,0,0,0,0,0
377,361,"I",0.543147208,90.2557,2.376717846,1.498315082,2.362237226,0.952220624,0,1.412064062,1.42465137,1.497919487,0.946456747
378,362,"G",0.201923077,87.5955,0,0,0,0,0,0,0,0,0
379,363,"Q",0.328888889,84.2291,0,0,0,0,0,0,0,0,0
380,364,"A",0.178294574,82.8899,0,0,0,0,0,0,0,0,0
381,365,"A",0.248062016,79.6516,0,0,0,0,0,0,0,0,0
382,366,"D",0.103626943,79.9139,0,0,0,0,0,0,0,0,0
383,367,"L",0.651741294,77.7526,0,0.500317541,0.500198671,0,0,0,0,0.500365059,0.500226075
384,368,"K",0.605932203,77.8741,0,0,0,0,0,0,0,0,0
385,369,"S",0,76.5975,0,0,0,0,0,0,0,0,0
386,370,"T",0.063953488,73.9374,0,0,0,0,0,0,0,0,0
387,371,"Q",0.355555556,72.6506,0,0,0,0,0,0,0,0,0
388,372,"A",0.217054264,72.7136,0,0.999966996,1.50063722,0,0,0.500312376,0,0.999951477,1.000336571
389,373,"A",0,70.3812,0,0,0,0,0,0,0,0,0
390,374,"I",0.208121827,68.066,1.447967442,1.449962814,0.960350143,0,0.483310721,0,1.448094348,0.966651485,0.960386037
391,375,"N",0.456410256,67.8355,1.371790053,0,1.362240736,1.371790053,0,0.90816049,0,0,0.454080245
392,376,"Q",0.328888889,66.9073,0,0,0,0,0,0,0,0,0
393,377,"I",0.020304569,64.2505,0,0,0,0,0,0,0,0,0
394,378,"N",0.441025641,62.8219,0,0,0,0,0,0,0,0,0
395,379,"G",0.346153846,62.9729,0,1.000962247,1.001154715,0,0,0,0,1.001132356,1.001212612
396,380,"K",0.050847458,60.6317,0,0,0,0,0,0,0,0,0
397,381,"L",0.189054726,58.3325,0,0,0,0,0,0,0,0,0
398,382,"N",0.528205128,58.0659,0,0,0,0,0,0,0,0,0
399,383,"R",0.726277372,56.9995,1.26575283,0.754929216,1.856277534,0,0,0,1.270084056,0.760784668,1.840424086
400,384,"L",0.099502488,54.2501,0,0,0,0,0,0,0,0,0
401,385,"I",0.258883249,53.0214,0.482287678,0,0.481128142,0,0,0,0.48227811,0,0.481099527
402,386,"G",0.471153846,50.865,1.000402536,0.500075851,0.500095452,0,0,0,1.000510013,0.500096671,0.500075863
403,387,"K",0.478813559,50.7661,0.966144161,0.483896689,0.963170704,0.483103029,0.483964234,0,0.483053476,0,0.963197062
404,388,"T",0.186046512,47.1371,0.5,0,0,0,0,0,0.5,0,0
405,389,"N",0.369230769,45.6686,0,0,0,0,0,0,0,0,0
406,390,"E",0.426008969,42.4342,0,0,0.483582192,0,0,0,0,0,0.483575623
407,391,"K",0.372881356,39.5761,0,0,0.48159632,0,0,0,0,0,0.481614341
408,392,"F",0.179166667,36.4156,0.457286657,0,0,0,0,0,0.457300669,0,0
409,393,"H",0.232142857,33.7304,0,0,0,0,0,0,0,0,0
410,394,"Q",0.24,34.2982,0,0,0,0,0,0,0,0,0
411,395,"I",0.375634518,32.2368,0,0,0,0,0,0,0,0,0
412,396,"E",0.215246637,29.384,0,0,0.473794569,0,0,0,0,0,0.47382124
413,397,"K",0.097457627,30.824,0,0,0,0,0,0,0,0,0
414,398,"E",0.515695067,27.9219,0,0,0,0,0,0,0,0,0
415,399,"F",0.229166667,25.2433,0,0,0,0,0,0,0,0,0
416,400,"S",0.632258065,21.9424,0,0,1.112484646,0,0,0,0,0,1.112505285
417,401,"E",0.560538117,22.0881,0,0,0,0,0,0,0,0,0
418,402,"V",0.833333333,25.0665,0.499937805,0.499929016,0.5,0,0.499778123,0,0.499900421,0,0.5
419,403,"E",0.466367713,26.4155,0,0,0,0,0,0,0,0,0
420,404,"G",0.288461539,30.143,0,0,0,0,0,0,0,0,0
421,405,"R",0.821167883,32.8118,0,0,0.998815309,0,0,0,0,0,0.998551424
422,406,"I",0.472081218,31.7349,1.448539403,2.41344451,2.404509014,0.965598627,0.966928518,0.481137332,0.482874821,1.446975527,1.923191586
423,407,"Q",0.057777778,30.4488,0,0,0,0,0,0,0,0,0
424,408,"D",0.528497409,33.6799,1.371825015,0.917839401,0,0,0,0,1.371846035,0.917839401,0
425,409,"L",0.502487562,35.6315,1.999568403,0.499959053,1.499802528,0.499898987,0,0.499959691,1.499663882,0.499939802,0.999845825
426,410,"E",0.215246637,33.7688,0,0,0,0,0,0,0,0,0
427,411,"K",0.457627119,34.4582,0.966209698,0.483881363,0.48160882,0.483076873,0,0,0.483121669,0.483889088,0.481611116
428,412,"Y",0.619771863,38.0465,0,0,0,0,0,0,0,0,0
429,413,"V",0.431034483,38.7989,0,0.499982508,0.999868745,0,0.499981772,0.499879479,0,0,0.49995861
430,414,"E",0.044843049,37.8062,0.484782454,0,0,0,0,0,0.484769659,0,0
431,415,"D",0.383419689,39.5991,0,0,0,0,0,0,0,0,0
432,416,"T",0.331395349,42.644,0,0.5,0,0,0,0,0,0.5,0
433,417,"K",0.313559322,42.7016,0,0,0,0,0,0,0,0,0
434,418,"I",0.025380711,42.4062,0.353089322,0.352166696,0.354619683,0,0,0,0.353250169,0.35227541,0.354684869
435,419,"D",0.310880829,45.1566,0,0,0,0,0,0,0,0,0
436,420,"L",0.507462687,47.4406,0,0,0.500051922,0,0,0,0,0,0.500074848
437,421,"W",0.273684211,47.0012,0,0,0,0,0,0,0,0,0
438,422,"S",0.025806452,47.4563,0,0,0,0,0,0,0,0,0
439,423,"Y",0.539923954,50.6987,0,0,0,0,0,0,0,0,0
440,424,"N",0.364102564,51.8013,0,0,0,0,0,0,0,0,0
441,425,"A",0,51.2367,0,0,0,0,0,0,0,0,0
442,426,"E",0.255605381,53.1204,0.484812414,0,0,0,0,0,0.484795172,0,0
443,427,"L",0.333333333,56.0659,0.500281089,1.000440345,1.001844827,0,0.49995281,0,0.500450231,0.50034599,1.002054659
444,428,"L",0.28358209,56.2275,0,0,1.000280703,0,0,0,0,0,1.000404676
445,429,"V",0.034482759,56.5222,0,0,0,0,0,0,0,0,0
446,430,"A",0.054263566,59.1008,1,0.5,0.5,0,0.5,0,1,0,0.5
447,431,"L",0.44278607,61.1163,2.514634336,0,1.659348438,0.839455508,0,0,1.674930575,0,1.657503779
448,432,"E",0.143497758,60.9775,0,0,0,0,0,0,0,0,0
449,433,"N",0,61.9874,0,0,0,0,0,0,0,0,0
450,434,"Q",0.137777778,64.8685,0,0,0,0,0,0,0,0,0
451,435,"H",0.410714286,65.9533,0,0,0,0,0,0,0,0,0
452,436,"T",0,65.8551,0,0,0,0,0,0,0,0,0
453,437,"I",0.020304569,67.9588,0,0.48332093,0,0,0.483310719,0,0,0,0
454,438,"D",0.440414508,70.3341,0,0.917884817,2.724481471,0,0,0.90816049,0,0.917906174,1.816320981
455,439,"L",0.044776119,70.661,0,0.846954563,0,0,0,0,0,0.846391497,0
456,440,"T",0.005813954,71.2778,0.5,0,0,0,0,0,0.5,0,0
457,441,"D",0.222797928,73.7392,0,0,0.454120005,0,0,0,0,0,0.45413756
458,442,"S",0.316129032,75.3703,0.551257845,0.548754625,0.556152922,0.551187394,0.548191081,0.556080355,0,0,0
459,443,"E",0.040358744,75.9541,0,0,0,0,0,0,0,0,0
460,444,"M",0.017857143,77.7824,0,0,0,0,0,0,0,0,0
461,445,"N",0.425641026,79.8862,0.914526702,0.458919701,1.362338755,0,0,0,0.914526702,0.458919701,1.362382031
462,446,"K",0.415254237,80.7327,0.483052901,0.483805784,0,0.483003831,0.483781619,0,0,0,0
463,447,"L",0,81.9125,0,0,0.829731604,0,0,0,0,0,0.828872937
464,448,"F",0.058333333,84.125,0,0,0,0,0,0,0,0,0
465,449,"E",0.385650224,85.5774,0,0,0,0,0,0,0,0,0
466,450,"R",0.273722628,86.3678,1.45266376,0.483878472,0.965038733,0.969096784,0,0.482761366,0.48402479,0.483884838,0.482412608
467,451,"T",0.005813954,88.1581,0.499813206,0,0,0,0,0,0.499700973,0,0
468,452,"K",0.343220339,90.0435,1.970502509,0.49289837,0,0.492555402,0,0,1.478003569,0.492883271,0
469,453,"K",0.605932203,91.1878,0.492365044,0.492576421,0.491700765,0.492377181,0,0,0,0.492602203,0.491688393
470,454,"Q",0.177777778,92.4541,1.479538093,0.74756619,0,0,0,0,1.479685121,0.747249014,0
471,455,"L",0.004975124,94.5246,0,0.846822028,0,0,0,0,0,0.846200415,0
472,456,"R",0.49270073,96.3988,0,0,0.485822246,0,0,0,0,0,0.48580695
473,457,"E",0.35426009,99.2787,0,0,0,0,0,0,0,0,0
474,458,"N",0,99.0799,0,0,0,0,0,0,0,0,0
475,459,"A",0.07751938,96.4433,0,0,0,0,0,0,0,0,0
476,460,"E",0.300448431,95.3253,0,0,0,0,0,0,0,0,0
477,461,"D",0.373056995,91.8361,0,0,0,0,0,0,0,0,0
478,462,"M",0.410714286,91.5821,0.333338767,0.333408235,1.673592132,0,0,0.67107527,0.333342033,0.333443466,1.003074121
479,463,"G",0.509615385,88.591,0,0,0,0,0,0,0,0,0
480,464,"N",0.230769231,86.1098,0,0,0,0,0,0,0,0,0
481,465,"G",0.019230769,85.0067,0,0,0,0,0,0,0,0,0
482,466,"C",0,88.1952,0,0,0,0,0,0,0,0,0
483,467,"F",0.008333333,91.4688,0,0,0.454097756,0,0,0,0,0,0.454105487
484,468,"K",0.300847458,94.8688,0.966364716,0.967888191,1.445110765,0.483115937,0.48389791,0.481677289,0.483222299,0.483965816,0.963430399
485,469,"I",0,96.6327,0,0,0,0,0,0,0,0,0
486,470,"Y",0.11026616,100.378,0,0,0,0,0,0,0,0,0
487,471,"H",0,101.573,0,0,0,0,0,0,0,0,0
488,472,"K",0.470338983,101.266,0.483036106,0,0.963180665,0,0,0,0.483035078,0,0.96321142
489,473,"C",0.005988024,97.9702,0,0,0,0,0,0,0,0,0
490,474,"D",0.336787565,97.3726,1.371790053,0.917839401,0.454080245,1.371790053,0,0.454080245,0,0.917839401,0
491,475,"N",0.358974359,94.2335,0,0,0,0,0,0,0,0,0
492,476,"A",0.581395349,95.0251,2.499860611,2,1,0,0.5,0,2.499776817,1.5,1
493,477,"C",0.023952096,95.7235,0,0,0,0,0,0,0,0,0
494,478,"I",0,92.3987,1.058315818,0,0.708878322,0,0,0.354441284,1.058361285,0,0.354438224
495,479,"G",0.086538462,90.6985,0.514947178,0.515079263,0.517046007,0,0,0,0.515170068,0.515024556,0.517046752
496,480,"S",0.135483871,92.4689,0.551518688,0,0,0,0,0,0.55150063,0,0
497,481,"I",0.005076142,90.9191,0,0,0,0,0,0,0,0,0
498,482,"R",0.266423358,87.4773,0.499875576,0.499994383,0,0,0,0,0.499800801,0.499991742,0
499,483,"N",0.61025641,87.7763,0,0,0.454080245,0,0,0,0,0,0.454080245
500,484,"G",0.471153846,89.2803,1.030969482,0.515187578,1.034829784,0.515687113,0.515120756,0.517390251,0.515363151,0,0.517425771
501,485,"T",0.575581395,92.7248,0,0,0,0,0,0,0,0,0
502,486,"Y",0.064638783,94.779,0,0,0,0,0,0,0,0,0
503,487,"D",0.430051814,98.0079,1.371790053,0.458919701,2.270444983,0.914526702,0,1.362240736,0.457263351,0.458919701,0.90818572
504,488,"H",0.102678571,99.0228,0,0,0,0,0,0,0,0,0
505,489,"D",0.544041451,102.558,4.117016476,2.755428584,6.360437403,2.287406207,1.836794012,2.725854758,1.829701024,0.918513435,3.634563317
506,490,"V",0.574712644,103.418,0,0.499787085,0.500434427,0,0.499334886,0,0,0,0.500626455
507,491,"Y",0.205323194,102.954,0,0,0.499925536,0,0,0,0,0,0.49989267
508,492,"R",0.277372263,103.791,0,0,0,0,0,0,0,0,0
509,493,"D",0.735751295,107.418,0,0.917839401,0.454080245,0,0.458919701,0,0,0.458919701,0.454080245
510,494,"E",0.349775785,106.491,0,0,0,0,0,0,0,0,0
511,495,"A",0,103.553,0,0.500030223,0,0,0,0,0,0.500044435,0
512,496,"L",0.23880597,105.475,0,0.861857929,0.847340654,0,0,0,0,0.861254276,0.84700748
513,497,"N",0.564102564,108.284,0.457263351,0.458919701,0.454080245,0.457263351,0,0.454080245,0,0.458919701,0
514,498,"N",0.128205128,105.849,0.457292489,0.458951696,0.454390516,0,0,0.454453638,0.457310009,0.458966742,0
515,499,"R",0.167883212,103.91,0,0,0,0,0,0,0,0,0
516,500,"F",0.545833333,106.849,0,0,0,0,0,0,0,0,0
517,501,"Q",0.453333333,109.265,0,1.538335283,1.489864189,0,0,0.744326009,0,1.537752609,0.745199978
518,502,"I",0.868020305,110.857,0,0,0.481096078,0,0,0,0,0,0.481105376
519,503,"K",0.919491525,109.697,0.983598578,0.492737601,0.982303064,0,0,0,0.983775759,0.49271561,0.982370265
520,504,NA,NA,NA,0.512476755,0,0.514804632,0,0,0,0.512638817,0,0.514932719
521,505,NA,NA,NA,2.499650217,2.499416672,2.998176545,0.499971373,0.499963504,0.999303789,1.999620797,1.999382585,1.99886242
522,506,NA,NA,NA,0,0.485457111,0,0,0,0,0,0.485452651,0
523,507,NA,NA,NA,0,0,0,0,0,0,0,0,0
524,508,NA,NA,NA,0.984971669,0.985236531,0.49174371,0.492498297,0.49284607,0.49176772,0.492478342,0.492511221,0
525,509,NA,NA,NA,1.102961731,0,0.55596266,0,0,0,1.102880149,0,0.555856919
526,510,NA,NA,NA,1.506970625,1.000564398,0.502427188,0,0.500804076,0,1.506428002,0.50003718,0.502335506
527,511,NA,NA,NA,0.499958202,0,0,0,0,0,0.499933076,0,0
528,512,NA,NA,NA,0,0,0,0,0,0,0,0,0
529,513,NA,NA,NA,0.457263351,0,0.454080245,0.457263351,0,0.454080245,0,0,0
530,514,NA,NA,NA,0,0,0,0,0,0,0,0,0
531,515,NA,NA,NA,1.447756894,0.966663682,0.481063621,0.482652219,0.483327762,0,0.965091214,0.483333759,0.48100654
532,516,NA,NA,NA,0,0,2.491602387,0,0,0,0,0,2.489953117
533,517,NA,NA,NA,0,0,0,0,0,0,0,0,0
534,518,NA,NA,NA,0,0,0.481058467,0,0,0,0,0,0.480999111
535,519,NA,NA,NA,0,0,0,0,0,0,0,0,0
536,520,NA,NA,NA,0,0,0,0,0,0,0,0,0
537,521,NA,NA,NA,0.5,0,0,0,0,0,0.5,0,0
538,522,NA,NA,NA,1.412083985,1.056098946,2.484822005,1.413905648,0,0.355038983,0,1.056378788,2.129676865
539,523,NA,NA,NA,0.551531769,0,0,0,0,0,0.551521573,0,0
540,524,NA,NA,NA,0,0,0.481162785,0,0,0,0,0,0.48114946
541,525,NA,NA,NA,0,0.45897063,0.454124065,0,0,0,0,0.458994582,0.454143413
542,526,NA,NA,NA,0,0,0,0,0,0,0,0,0
543,527,NA,NA,NA,0,0,0.499989393,0,0,0,0,0,0.499984711
544,528,NA,NA,NA,0,0.483267738,0,0,0.48326663,0,0,0,0
545,529,NA,NA,NA,1.499756996,1.999533402,2.497877077,0.499884619,0.499926972,0.999489715,0.99987934,1.499588525,1.498501944
546,530,NA,NA,NA,4,3,3.5,2,0,2.5,2,3,1
547,531,NA,NA,NA,0,0,0.823906921,0,0,0,0,0,0.823900117
548,532,NA,NA,NA,0.83458928,0.840350296,0,0,0.838706265,0,0.834187681,0,0
549,533,NA,NA,NA,0,0,0,0,0,0,0,0,0
550,534,NA,NA,NA,0.914596606,0,0,0,0,0,0.914638637,0,0
551,535,NA,NA,NA,0.482605538,0.483193618,0,0,0,0,0.482617606,0.483146574,0
552,536,NA,NA,NA,0.333344286,0.333403174,2.004056037,0,0,0,0.333350871,0.333436025,2.005851901
553,537,NA,NA,NA,0,0,0,0,0,0,0,0,0
554,538,NA,NA,NA,0,0,0.5,0,0,0,0,0,0.5
555,539,NA,NA,NA,0,0,0,0,0,0,0,0,0
556,540,NA,NA,NA,0,0,0,0,0,0,0,0,0
557,541,NA,NA,NA,0,0,2.428921222,0,0,0.972524957,0,0,1.45672025
558,542,NA,NA,NA,0,0,0,0,0,0,0,0,0
559,543,NA,NA,NA,0,0,0,0,0,0,0,0,0
560,544,NA,NA,NA,0,0,0,0,0,0,0,0,0
561,545,NA,NA,NA,0.48715046,0.48744441,0.485810584,0,0,0,0.487123363,0.487428688,0.485828143
562,546,NA,NA,NA,0,0,0,0,0,0,0,0,0
563,547,NA,NA,NA,0.457263351,0.458919701,0.90816049,0.457263351,0,0.454080245,0,0.458919701,0.454080245
564,548,NA,NA,NA,0,0.483310027,0,0,0.483310717,0,0,0,0
565,549,NA,NA,NA,0,0,0,0,0,0,0,0,0
566,550,NA,NA,NA,0,0,0,0,0,0,0,0,0
