"Gene","Protein","pdb.2yp7","RSA.2YP7clean","distance.to.224.all.2yp7","samp_unpassaged_917a_20052015_full","samp_monkey_917a_20052015_full","samp_cell_917a_20052015_full","samp_pooled_917a_20052015_full","samp_unpassaged_917a_20052015_internal","samp_monkey_917a_20052015_internal","samp_cell_917a_20052015_internal","samp_pooled_917a_20052015_internal","samp_unpassaged_917a_20052015_tips","samp_monkey_917a_20052015_tips","samp_cell_917a_20052015_tips","samp_pooled_917a_20052015_tips"
1,NA,NA,NA,NA,0,0,0,0,0,0,0,0,0,0,0,0
2,NA,NA,NA,NA,0.492341732,0.983745748,1.47525731,1.968067891,0,0,0.491772768,0,0.492337707,0.983777553,0.983486966,1.968017571
3,NA,NA,NA,NA,0.499926324,1.749337172,0.999971548,0,0,0,0,0,0.49988685,1.748998573,0.999958974,0
4,NA,NA,NA,NA,1.928963393,0.962633018,3.368966709,3.371843137,0,0,0.48120417,0,1.929088134,0.962670702,2.887889795,3.372033791
5,NA,NA,NA,NA,0.48219851,0.481240605,0,0.48160314,0,0.481164236,0,0,0.482207,0,0,0.481590977
6,NA,NA,NA,NA,0,0,0,0,0,0,0,0,0,0,0,0
7,NA,NA,NA,NA,0,1.647434374,0.823034736,1.651056436,0,0,0,0,0,1.646966639,0.822855866,1.649496269
8,NA,NA,NA,NA,0.456341883,0.454293793,0.908159538,0.91017661,0.456364754,0,0,0,0,0.454308269,0.908213512,0.910196296
9,NA,NA,NA,NA,0.999889021,1.998346296,1.499886203,2.499111926,0,0.999178804,0,0,0.999829557,0.999170257,1.499835913,2.498717863
10,NA,NA,NA,NA,1.445990612,0.962694768,1.443685015,1.925787785,1.444951672,0,0.481204209,0.481742888,0,0.962764026,0.962478125,1.443947035
11,NA,NA,NA,NA,0,0.827096471,0.830968196,2.493777956,0,0.824544502,0.830879538,0.834988369,0,0,0,1.659228888
12,NA,NA,NA,NA,0,0,0.96239506,0,0,0,0,0,0,0,0.962414582,0
13,NA,NA,NA,NA,0.838485885,1.662973152,0.830667168,2.499153032,0,0,0,0,0.838052148,1.662056839,0.830279659,2.496519408
14,NA,NA,NA,NA,1.499931657,1.999894002,3.999505715,2.499326752,0.5,0,0,0.499682779,0.999930023,1.999839827,3.999287304,1.999785786
15,NA,NA,NA,NA,3.199507876,2.726697269,2.726303386,1.365557407,0.913643226,0.908865928,0.45415086,0,2.286035741,1.817832081,2.272435525,1.365716848
16,NA,NA,NA,NA,2.5,1.5,4.5,1,0,1,0,0,2.5,0.5,4.5,1
17,1,NA,NA,NA,0,0,0.723599087,0.728764342,0,0,0,0,0,0,0.72352178,0.728724217
18,2,NA,NA,NA,1.930040504,0.96380608,2.409531564,2.409779796,0.964925558,0.963827423,0.481593923,0.481724494,0.965071007,0,1.928178295,1.928235162
19,3,NA,NA,NA,4.454280402,2.458541368,4.445166456,5.931647365,1.980932573,1.481237556,1.978122314,2.476520217,2.473762078,0.981346566,2.468162333,3.457028701
20,4,NA,NA,NA,0.5,0,0,0,0,0,0,0,0.5,0,0,0
21,5,NA,NA,NA,3.613646045,1.546537045,2.066748759,2.582288395,1.548691652,1.030579129,1.033275673,0.516352712,2.064950455,0.515626295,1.033417901,2.066017174
22,6,NA,NA,NA,0.913126822,0,1.36233713,0.910451365,0.456481398,0,0.454161562,0.455226611,0.456607375,0,0.908181551,0.45522527
23,7,NA,NA,NA,0.912929139,0.454265475,0.908038057,0.455066136,0.456364806,0,0,0,0.456518051,0.454265475,0.908038327,0.455066136
24,8,NA,0.974358974,NA,0.912659254,0.908530951,1.362057085,0.455066136,0.456329627,0.454265475,0.454019028,0.455066136,0.456329627,0.454265475,0.908038327,0
25,9,NA,0.322580645,NA,0,0,1.362057085,0.455066136,0,0,0,0,0,0,1.362057491,0.455066136
26,10,"T",0.290697674,99.8456,0.499538606,1,2.992735216,3.989300074,0,0.5,0,0.5,0.499291691,0.5,2.989535445,3.486497103
27,11,"A",0.015503876,96.2746,0,0,0,0,0,0,0,0,0,0,0,0
28,12,"T",0.139534884,92.8582,0.999644696,0,0.999692459,1.498158937,0.499848151,0,0,0.499980702,0.499808521,0,0.999556589,0.998245766
29,13,"L",0,89.8817,0,0,0,0,0,0,0,0,0,0,0,0
30,14,"C",0,86.4901,0,0,0,0,0,0,0,0,0,0,0,0
31,15,"L",0,83.4297,0.500356716,0,0,0.500862616,0,0,0,0,0.500548092,0,0,0.500750828
32,16,"G",0,80.0642,0,0,0,0,0,0,0,0,0,0,0,0
33,17,"H",0.053571429,76.3872,0,0,0,0,0,0,0,0,0,0,0,0
34,18,"H",0.089285714,74.0521,0.456378673,0,0,0.45509599,0,0,0,0,0.456404961,0,0,0.455109245
35,19,"A",0.03875969,71.905,0.5,0,0.500024518,1.000120359,0,0,0,0,0.5,0,0.500035355,1.000173802
36,20,"V",0.195402299,69.2619,0,0,0,0,0,0,0,0,0,0,0,0
37,21,"P",0.716981132,68.5707,0,0.50006802,0,0.500048098,0,0,0,0,0,0.500102794,0,0.500069454
38,22,"N",0.635897436,64.7588,0,0,0,0,0,0,0,0,0,0,0,0
39,23,"G",0.230769231,64.2681,0,0,0,0,0,0,0,0,0,0,0,0
40,24,"T",0.267441861,61.0656,0.999385031,0.499829745,0,0,0,0,0,0,0.999055776,0.499742766,0,0
41,25,"I",0.385786802,60.5721,2.120939644,0.709810103,0,1.41702409,0.353339606,0,0,0,1.767852795,0.710387583,0,1.417614933
42,26,"V",0.034482759,59.6736,0,0,0,0,0,0,0,0,0,0,0,0
43,27,"K",0.355932203,59.7132,0.9653141,0.481850434,0.963279125,0.964199286,0,0.481873549,0,0,0.965341729,0,0.963290605,0.964203695
44,28,"T",0.029069767,62.1446,0,0,0,0,0,0,0,0,0,0,0,0
45,29,"I",0.482233503,63.2557,0,0,0,0,0,0,0,0,0,0,0,0
46,30,"T",0.593023256,66.3327,1.998156652,0.5,0.5,0.999756765,0.499340476,0,0,0,1.498937117,0.5,0.5,0.999648818
47,31,"N",0.343589744,64.661,1.368988881,0.908530951,2.270095142,1.820264543,0.456329627,0.908530951,0.908038057,0.455066136,0.912659254,0,1.362057491,1.365198407
48,32,"D",0.704663212,61.3231,0.456329627,0.908780304,0.454064898,0.910240613,0,0.454303441,0.45413889,0,0.456329627,0.454434486,0,0.910288719
49,33,"Q",0.653333333,62.0985,3.298251407,4.283003412,2.451065128,4.946947628,2.479532014,1.685074778,1.622759357,2.450831254,0.823522775,2.591915251,0.819540912,2.483660737
50,34,"I",0.086294416,64.5364,0,0,0.481193176,0.963104516,0,0,0,0,0,0,0.481201012,0.963035026
51,35,"E",0.33632287,64.8566,0,0,0,0,0,0,0,0,0,0,0,0
52,36,"V",0,65.1293,0,0,0,0,0,0,0,0,0,0,0,0
53,37,"T",0.075581395,65.7507,0,0,0.499985788,0,0,0,0,0,0,0,0.499979507,0
54,38,"N",0.456410256,62.3409,0,0,0.454029136,0,0,0,0,0,0,0,0.454033739,0
55,39,"A",0.069767442,59.1299,0,0,0,0,0,0,0,0,0,0,0,0
56,40,"T",0.302325581,55.8425,0,0,0,0,0,0,0,0,0,0,0,0
57,41,"E",0.197309417,52.275,0,0,0,0,0,0,0,0,0,0,0,0
58,42,"L",0.004975124,50.8038,0,0,0,0,0,0,0,0,0,0,0,0
59,43,"V",0,47.3234,0.999965916,0,0,1.49993039,0.499983726,0,0,0,0.499982546,0,0,1.499899488
60,44,"Q",0.044444444,44.8191,0,0,0,0,0,0,0,0,0,0,0,0
61,45,"S",0.503225807,42.8869,4.107509062,1.362796426,5.449275351,3.185634275,1.825664153,0.454265475,1.816076113,0.910132271,2.281879435,0.908530951,3.633159909,2.275507387
62,46,"S",0.470967742,41.1312,0,0,0,0,0,0,0,0,0,0,0,0
63,47,"S",0.212903226,38.6815,0.552713708,0,1.112143249,0,0,0,0.556195221,0,0.552670657,0,0.556016814,0
64,48,"T",0.73255814,38.3414,1.636187146,0.384967337,2.047765591,2.435704768,0.818484556,0.39467509,1.240695019,0.824986008,0.817884196,0,0.815609233,1.612449603
65,49,"G",0.298076923,34.6503,0,0.500005977,0.500099054,0.99996866,0,0,0,0,0,0.500009033,0.500113105,0.999931415
66,50,"G",0.134615385,33.6958,1.434818499,1.906979235,1.426442325,2.382635973,0.956848911,1.432408618,1.426297166,0.954590608,0.478191617,0.476375225,0,1.428560942
67,51,"I",0,33.1179,0.353812637,0,0.354988787,0,0,0,0,0,0.354115819,0,0.35520701,0
68,52,"C",0.047904192,35.7855,0,0,0,0,0,0,0,0,0,0,0,0
69,53,"D",0.264248705,34.7504,5.019896078,4.543272437,9.086329235,5.006271994,1.368988881,1.817061901,4.086708464,1.820557781,3.650938823,2.726152931,4.998639313,3.185735464
70,54,"S",0.270967742,38.1317,1.82464702,0,1.81656206,1.820463815,0.456329627,0,0.908368454,0,1.368215526,0,0.908242659,1.820552297
71,55,"P",0.396226415,39.6125,0,0,0,0,0,0,0,0,0,0,0,0
72,56,"H",0.066964286,36.5396,0.456489453,0,0.908366038,0.910452737,0.456577054,0,0,0,0,0,0.908511356,0.910595081
73,57,"Q",0.444444444,33.9634,2.250388428,0.747591814,5.923594225,2.238989013,1.500817623,0,2.236031418,1.494385231,0.749979864,0.747393099,3.691534347,0.745947202
74,58,"I",0.152284264,30.8775,1.446913455,0.48118065,1.443845576,1.926885446,0.482289301,0,0,0.48165853,0.964625245,0.481130064,1.443986724,1.445247783
75,59,"L",0.039800995,27.382,0.999931742,1.000069752,0,0,0,0,0,0,0.999895166,1.000105409,0,0
76,60,"D",0.207253886,25.0401,0,0,0,0,0,0,0,0,0,0,0,0
77,61,"G",0,21.4591,0,0,0,0,0,0,0,0,0,0,0,0
78,62,"E",0.502242153,20.2936,1.903490044,0.949125951,2.846193409,1.899405042,1.426554763,0.949147868,0.949043341,0.949887789,0.476062577,0,1.897186722,0.949620294
79,63,"N",0.266666667,16.4428,0,0,0,0.455066136,0,0,0,0,0,0,0,0.455066136
80,64,"C",0.011976048,16.531,0,0,0,0,0,0,0,0,0,0,0,0
81,65,"T",0.139534884,17.5653,0.5,0,0,0,0,0,0,0,0.5,0,0,0
82,66,"L",0,20.2953,0.838683373,0,0.830760408,0,0,0,0,0,0.838326657,0,0.830405441,0
83,67,"I",0,18.2741,0,0,0.708893496,0.353897073,0,0,0,0,0,0,0.708849896,0.353885227
84,68,"D",0,15.5921,0,0,0,0,0,0,0,0,0,0,0,0
85,69,"A",0.07751938,18.7393,0,0,0,0,0,0,0,0,0,0,0,0
86,70,"L",0.004975124,20.278,0,0,0,0,0,0,0,0,0,0,0,0
87,71,"L",0.009950249,17.6856,0,0,0,0,0,0,0,0,0,0,0,0
88,72,"G",0.019230769,17.4378,0,0,0,0,0,0,0,0,0,0,0,0
89,73,"D",0.005181347,14.0158,0,0,0,0,0,0,0,0,0,0,0,0
90,74,"P",0.113207547,14.9887,0,0,0,0,0,0,0,0,0,0,0,0
91,75,"Q",0.275555556,15.3001,0.755303511,2.978104896,2.236076684,0,0,0.744874214,0,0,0.754012126,2.233045441,2.234309621,0
92,76,"C",0.011976048,17.7328,0,0,0,0,0,0,0,0,0,0,0,0
93,77,"D",0.274611399,19.9756,0,0,0,0,0,0,0,0,0,0,0,0
94,78,"G",0.663461539,22.7131,2.996223828,1.499283475,1.4997793,2.497356557,0.499915685,0,0,0.499179571,2.495395162,1.498917501,1.499681776,1.998403761
95,79,"F",0.066666667,23.1913,0.913126131,0,1.817378339,0.455086063,0.456364788,0,0,0,0.456669395,0,1.817955077,0.45509491
96,80,"Q",0.368888889,24.4122,0,0,0.723891049,0,0,0,0,0,0,0,0.723942771,0
97,81,"N",0.353846154,27.6656,0.456329627,0.454265475,0.454019028,0.455066136,0,0,0,0,0.456329627,0.454265475,0.454019164,0.455066136
98,82,"K",0.398305085,28.2265,0.492310213,0,1.966842285,0.492039217,0,0,0,0,0.492293978,0,1.966697102,0.492036511
99,83,"K",0.394067797,30.3061,1.44871347,0.964672803,2.892920169,2.892388904,1.447915174,0.964456464,1.445450996,1.44677468,0,0,1.446906708,1.445937006
100,84,"W",0.007017544,30.7555,0,0,0,0,0,0,0,0,0,0,0,0
101,85,"D",0.269430052,32.9941,0,0,0,0,0,0,0,0,0,0,0,0
102,86,"L",0,30.3794,0,0.499993372,0,0,0,0,0,0,0,0.499989984,0,0
103,87,"F",0,26.627,0,0,0,0,0,0,0,0,0,0,0,0
104,88,"V",0,25.3721,0.499994322,2.499006777,0.999962112,0.999916404,0,1.499412548,0,0,0.499991279,0.999599821,0.999945367,0.999879295
105,89,"E",0.053811659,21.8748,0,0,0,0,0,0,0,0,0,0,0,0
106,90,"R",0.083941606,20.697,0,0,0,0,0,0,0,0,0,0,0,0
107,91,"S",0.632258065,19.1869,1.36913594,0,0.454019028,1.36534776,0,0,0,0,1.369214763,0,0.454019164,1.365414076
108,92,"K",0.542372881,16.8359,2.415298709,0.481857807,2.891863275,2.894704772,0.483001023,0.48187562,0.96392536,0.964965405,1.932364861,0,1.927934771,1.929746525
109,93,"A",0.186046512,15.3302,0,0,0,0,0,0,0,0,0,0,0,0
110,94,"Y",0.433460076,11.5438,3.467857822,2.965905015,4.930529474,3.947289757,1.486188566,1.48209649,1.482328133,2.468915196,1.981658919,1.483390427,3.44811228,1.479738984
111,95,"S",0.206451613,9.72727,0,0,0,0,0,0,0,0,0,0,0,0
112,96,"N",0.38974359,8.09884,1.825532717,1.363170318,0.908353552,1.820637167,0.456351542,0,0.454039591,0.455207594,1.369200407,1.363361506,0.45423757,1.365413554
113,97,"C",0.005988024,8.47488,0,0,0,0,0,0,0,0,0,0,0,0
114,98,"Y",0.038022814,8.18082,0,0,0,0,0,0,0,0,0,0,0,0
115,99,"P",0.025157233,7.68411,0,0,0,0,0,0,0,0,0,0,0,0
116,100,"Y",0.144486692,11.4017,0,0,0.499913821,0,0,0,0,0,0,0,0.499875741,0
117,101,"D",0.362694301,14.2697,0,0.454308025,0.908038057,0.455066136,0,0,0,0,0,0.454329776,0.908038327,0.455066136
118,102,"V",0.068965517,17.8356,0,0,0,0,0,0,0,0,0,0,0,0
119,103,"P",0.364779874,20.6577,0,0,0,0.500081588,0,0,0,0,0,0,0,0.500117818
120,104,"D",0.507772021,22.9849,1.369136334,0.454265475,1.362148248,0.455066136,0,0,0,0,1.369215368,0.454265475,1.36218895,0.455066136
121,105,"Y",0.285171103,20.5523,0.999823412,0,0,0.499987992,0,0,0,0,0.999728803,0,0,0.499982661
122,106,"A",0.465116279,23.3545,1.5,1,2,0.5,0,0,0,0,1.5,1,2,0.5
123,107,"S",0.322580645,25.8552,0,0,0,0,0,0,0,0,0,0,0,0
124,108,"L",0,23.9959,0,0,0,0,0,0,0,0,0,0,0,0
125,109,"R",0.01459854,23.1899,0,0,0.485522297,0,0,0,0,0,0,0,0.485547195,0
126,110,"S",0.277419355,26.8822,0,0,0,0,0,0,0,0,0,0,0,0
127,111,"L",0.208955224,28.4595,0.836860795,0,0,0,0,0,0,0,0.835532976,0,0,0
128,112,"V",0.022988506,26.6009,2.997539365,1.499820949,1.999578388,1.999646226,0.999771888,0,0,0,1.997725532,1.499729446,1.999392087,1.999489206
129,113,"A",0,27.3885,0.5,0,0.5,0,0,0,0,0,0.5,0,0.5,0
130,114,"S",0.251612903,30.9793,1.654324565,0,0.555264986,1.107017659,1.102843708,0,0.555354596,0.553818592,0.551452062,0,0,0.55337142
131,115,"S",0.070967742,31.3466,0,0,0,0,0,0,0,0,0,0,0,0
132,116,"G",0.038461539,30.4707,0,0,0,0,0,0,0,0,0,0,0,0
133,117,"T",0.017441861,29.3606,0,0,0,0,0,0,0,0,0,0,0,0
134,118,"L",0.014925373,26.5388,0,0,0,0,0,0,0,0,0,0,0,0
135,119,"E",0.161434978,29.2042,0,0,0,0,0,0,0,0,0,0,0,0
136,120,"F",0.05,28.0244,0,0,0,0,0,0,0,0,0,0,0,0
137,121,"N",0.328205128,30.4172,1.369263874,1.362796426,2.270219828,1.820338979,0,0.454265475,0.454019028,0.455066136,1.36941129,0.908530951,1.816220498,1.365279021
138,122,"N",0.569230769,29.3112,1.825318508,0.908530951,3.633020238,1.820338971,0.912659254,0.454265475,1.362105775,0.910132271,0.912659254,0.454265475,2.2708423,0.910186008
139,123,"E",0.165919283,31.0345,0,0,0,0,0,0,0,0,0,0,0,0
140,124,"S",0.787096774,31.849,1.826056517,1.363009248,2.270531207,2.275779823,0.456329627,0,0.454052019,0.455066136,1.369839201,1.363118053,1.816521376,1.820783424
141,125,"F",0.070833333,30.7977,0,0,0,0,0,0,0,0,0,0,0,0
142,126,"N",0.538461539,32.4428,0,0,0.454019028,0,0,0,0,0,0,0,0.454019164,0
143,127,"W",0.035087719,29.7051,0,0,0,0,0,0,0,0,0,0,0,0
144,128,"T",0.639534884,32.2979,1.999233042,1,3.497598203,4.997465951,0.999406575,1,0.999439864,1.5,0.999729069,0,2.498145117,3.49743924
145,129,"G",0.192307692,31.1973,0,0.517469772,0,0.516983328,0,0,0,0,0,0.517461113,0,0.516937839
146,130,"V",0.063218391,27.4085,0,0,0.499990507,0.5,0,0,0,0.5,0,0,0.499986312,0
147,131,"T",0.337209302,25.0651,1.749456467,0,0.999926335,0,0,0,0.499879855,0,1.749165323,0,0.5,0
148,132,"Q",0.382222222,23.5898,0,0,0,0,0,0,0,0,0,0,0,0
149,133,"N",0.461538462,20.7438,0.456329627,0.454265475,0.454019028,0.910132271,0.456329627,0,0.454019028,0.455066136,0,0.454265475,0,0.455066136
150,134,"G",0.144230769,17.9311,0,0,0,0,0,0,0,0,0,0,0,0
151,135,"T",0.430232558,14.9384,0.999933482,0.999935567,2.49956102,1.99960122,0,0,0.499984896,0.999881794,0.999897838,0.999902636,1.999520329,0.999764573
152,136,"S",0.083870968,11.3638,0,0,0,0,0,0,0,0,0,0,0,0
153,137,"S",0.483870968,9.81762,0,0,0,0,0,0,0,0,0,0,0,0
154,138,"A",0.124031008,6.66103,1,4,4,4,0.5,0.5,0.5,1,0.5,3.5,3.5,3
155,139,"C",0,9.5738,0,0,0,0,0,0,0,0,0,0,0,0
156,140,"K",0.436440678,11.8268,1.453283984,1.449360636,2.87499537,3.973519405,0.727280404,0.733110461,1.075714073,1.087785728,0.726300323,0.72044584,1.798652617,2.885006382
157,141,"R",0.175182482,15.276,0,0,0,0,0,0,0,0,0,0,0,0
158,142,"K",0.792372881,17.763,4.517341803,5.023816446,8.04514463,8.545750755,3.012860307,2.012900469,5.029315776,4.526806866,1.505432732,3.011709659,3.016637457,4.020510152
159,143,"S",0.703225807,15.8943,0,0,1.000122758,0.500132254,0,0,0.5,0,0,0,0.500088511,0.500034675
160,144,"N",0.584615385,16.1032,2.745697283,3.182690458,3.186053224,3.193248693,2.285027337,0.909096054,2.277642463,1.824232136,0.45794419,2.273662342,0.909967408,1.368695506
161,145,"N",0.384615385,13.9239,1.825318508,2.726189084,3.178486834,3.185796875,1.368988881,0.908530951,1.362242684,1.365198407,0.456329627,1.817662626,1.816258671,1.820540083
162,146,"S",0.15483871,14.5881,0,0.454322111,0,0,0,0,0,0,0,0.454351064,0,0
163,147,"F",0.033333333,14.1319,0,0,0,0,0,0,0,0,0,0,0,0
164,148,"F",0.008333333,15.3514,0,0,0,0,0,0,0,0,0,0,0,0
165,149,"S",0.161290323,18.811,0,0,0,0,0,0,0,0,0,0,0,0
166,150,"R",0.076642336,20.746,0.499955494,0.999858762,2.499378887,0.999703975,0,0,0.499863917,0,0.499931647,0.999786586,1.999524083,0.999644046
167,151,"L",0.004975124,19.478,0,0,0,0,0,0,0,0,0,0,0,0
168,152,"N",0.015384615,20.5222,0,0,0,0,0,0,0,0,0,0,0,0
169,153,"W",0.049122807,18.6877,0,0,0,0,0,0,0,0,0,0,0,0
170,154,"L",0,21.8056,0,0,0,0,0,0,0,0,0,0,0,0
171,155,"T",0.139534884,21.972,0,0,0,0,0,0,0,0,0,0,0,0
172,156,"H",0.138392857,25.0853,0.456329627,0.45449715,0.45426488,1.366356639,0,0,0.454286468,0,0.456329627,0.454615657,0,1.366871471
173,157,"L",0.313432836,27.836,7.379229327,4.877973064,5.687633084,6.489665061,4.104230884,1.619669315,4.008426438,4.024855562,3.27766351,3.258482687,1.63480366,2.442024519
174,158,"K",0.716101695,29.6388,2.777493885,6.401467669,4.125752501,2.760145354,1.389084215,2.292794598,1.375108056,1.381633254,1.388566263,4.109223343,2.750628821,1.379380981
175,159,"F",0.670833333,28.2063,0.934945662,1.893017754,2.336048305,2.33297462,0.933505936,0.938355637,1.394877773,1.393113204,0,0.950731221,0.936422709,0.935178114
176,160,"K",0.631355932,29.7502,2.921135158,12.22112715,10.69277825,4.375838464,0.486754187,4.385362861,1.942484195,0.971090439,2.434551822,7.834527242,8.75193789,3.405482065
177,161,"Y",0.015209126,28.2822,0,0,0,0,0,0,0,0,0,0,0,0
178,162,"P",0.371069182,31.4515,0.500222379,1.001689406,1.000614144,1.501076132,0,0.500547749,0.500401875,0,0.500341635,0.500996622,0.500265179,1.501554381
179,163,"A",0.581395349,31.6487,0,0,0,0,0,0,0,0,0,0,0,0
180,164,"L",0.034825871,30.8743,0,0,0,0,0,0,0,0,0,0,0,0
181,165,"N",0.569230769,33.3272,0,0,0.454031628,0,0,0,0,0,0,0,0.454037333,0
182,166,"V",0.068965517,32.7871,0.499923131,0.998978711,0.499878935,0,0,0,0,0,0.499881947,0.998457503,0.499825444,0
183,167,"T",0.453488372,34.6919,0,0.5,0,0.5,0,0,0,0,0,0.5,0,0.5
184,168,"M",0.107142857,34.4859,0.666894968,1.334311237,0,0,0,0,0,0,0.667017381,1.334811629,0,0
185,169,"P",0.289308176,37.538,0,0,1.000496472,0,0,0,0,0,0,0,1.000716059,0
186,170,"N",0,37.6896,0,0,0,0,0,0,0,0,0,0,0,0
187,171,"N",0.671794872,40.917,1.370707822,0.454300935,1.816498545,0.910482211,0.456594737,0.454300437,0.454157105,0.455337159,0.914135536,0,1.362331264,0.455198475
188,172,"E",0.385650224,40.1924,0,0,0.473855087,0.474628461,0,0,0,0,0,0,0.473893424,0.474683216
189,173,"K",0.860169492,41.8715,4.048561872,1.383394581,5.510715916,5.460468914,3.374409647,1.349735461,2.749982784,3.37194365,0.674695154,0,2.757741544,2.05874839
190,174,"F",0.2625,38.6094,0,0.454322169,0,0.455106001,0,0,0,0,0,0.454351153,0,0.455123702
191,175,"D",0.21761658,35.7629,0,0,0,0,0,0,0,0,0,0,0,0
192,176,"K",0.016949153,32.5085,0,0,0,0,0,0,0,0,0,0,0,0
193,177,"L",0.019900498,29.0788,0,0,0,0,0,0,0,0,0,0,0,0
194,178,"Y",0,26.8076,0,0,0,0,0,0,0,0,0,0,0,0
195,179,"I",0.040609137,23.0564,0,0.962633153,0.481179966,0,0,0,0,0,0,0.962670906,0.481181963,0
196,180,"W",0.003508772,21.6454,0,0,0,0,0,0,0,0,0,0,0,0
197,181,"G",0,19.1535,0,0,0,0,0,0,0,0,0,0,0,0
198,182,"V",0,18.8276,0.999828375,0.999920422,0.999952607,0.499976758,0,0,0,0,0.999736425,0.999879752,0.999931662,0.499966441
199,183,"H",0.004464286,16.2077,0.456366441,0.454293797,0.908322035,0.910191965,0,0,0,0,0.456386172,0.454308275,0.908447876,0.910218469
200,184,"H",0.035714286,15.7188,0,0,0,0,0,0,0,0,0,0,0,0
201,185,"P",0,14.9111,0,0,0,0,0,0,0,0,0,0,0,0
202,186,"G",0.028846154,13.5983,0,0.499948495,0.500020656,3,0,0,0,1,0,0.499922173,0.500029786,2
203,187,"T",0.331395349,16.9224,0,0,0,0,0,0,0,0,0,0,0,0
204,188,"D",0.590673575,20.4413,1.825711021,0.908559233,0.454019028,1.820703144,0,0.454265475,0,0,1.825921442,0.454286845,0.454019164,1.82089793
205,189,"N",0.692307692,19.9338,0.964554717,0.974795361,1.454506902,0.968459399,0.964756277,0.485241554,0.969212641,0.966967243,0,0.488507162,0.484937068,0
206,190,"D",0.326424871,17.2905,0,0,0,0,0,0,0,0,0,0,0,0
207,191,"Q",0.013333333,19.7208,0,0,0,0,0,0,0,0,0,0,0,0
208,192,"I",0.446700508,22.5497,1.929089827,2.409103192,3.608236408,3.371525494,0.482228062,1.444547088,0.481204184,0.963429084,1.446888754,0.963953307,3.126834072,2.408081487
209,193,"F",0.645833333,20.8304,1.369272097,2.727402227,1.816667381,2.731574151,0.912919169,1.818608034,0.908257541,1.365849837,0.456404982,0.909047238,0.908367631,1.365759214
210,194,"L",0.139303483,19.9051,0,0,0.831288911,0.834803266,0,0,0,0,0,0,0.831167101,0.834678218
211,195,"Y",0,22.9343,0.499777818,0.499948513,0,0,0,0,0,0,0.499658831,0.499922201,0,0
212,196,"A",0.224806202,25.5345,0.5,0,0,0,0,0,0,0,0.5,0,0,0
213,197,"Q",0.293333333,26.5165,4.393689758,3.665219046,3.627887204,4.388296612,2.208082252,2.921279478,1.449858847,2.919037995,2.190869632,0.734443964,2.177594576,1.464211488
214,198,"A",0.612403101,25.9293,1.054279253,2.697393039,3.187630858,3.183251326,1.054223496,1.070371061,2.117750287,1.05702173,0,1.625098936,1.064172864,2.125794327
215,199,"S",0.283870968,24.2146,2.201968647,1.108843127,2.204716222,1.653553226,0.551267082,0.553971669,0.552800782,0.552766921,1.650233317,0.554651801,1.651395235,1.100969491
216,200,"G",0.201923077,26.6403,0.516521801,0,0,0,0,0,0,0,0.516501299,0,0,0
217,201,"R",0.605839416,26.8487,0.999944689,0,0,0,0,0,0,0,0.999915051,0,0,0
218,202,"I",0,26.3869,0,0.956689128,1.438828541,0,0,0,0,0,0,0.95704116,1.437297453,0
219,203,"T",0.127906977,29.2266,0,0,0,0.500012008,0,0,0,0,0,0,0,0.500017339
220,204,"V",0,29.447,0,0.49985988,0,0.4998995,0,0,0,0,0,0.499788291,0,0.499854896
221,205,"S",0.187096774,32.909,0,0,0,0,0,0,0,0,0,0,0,0
222,206,"T",0.110465116,35.5917,0,0,0,0,0,0,0,0,0,0,0,0
223,207,"K",0.68220339,39.254,1.932098908,0,0.481665732,1.446336775,0.482660822,0,0,0.482085124,1.449659917,0,0.48168304,0.964248611
224,208,"R",0.664233577,38.384,0.999993536,4.000617056,1.500317343,2.500626182,0.50004235,1.500391112,0.499948508,1.500471919,0.499972343,2.500249622,1.000350644,1.000222
225,209,"S",0.2,35.0237,0.456403264,0,0.454019028,0.455066136,0,0,0,0,0.456442737,0,0.454019164,0.455066136
226,210,"Q",0.68,32.8385,0,0,0,0,0,0,0,0,0,0,0,0
227,211,"Q",0.231111111,29.3171,0,0,0,0,0,0,0,0,0,0,0,0
228,212,"T",0.430232558,28.4075,3,0.5,1.5,2.5,1.5,0.5,1,2,1.5,0,0.5,0.5
229,213,"V",0.068965517,24.9049,0.5,0,1,0.5,0.5,0,0.5,0.5,0,0,0.5,0
230,214,"I",0.467005076,24.0951,3.3761233,0.96265782,2.406323853,1.445137358,0.964638684,0.481297796,0.481275962,0.481686724,2.411473736,0.481344815,1.925039529,0.963447752
231,215,"P",0.018867925,20.9107,0.50000903,0,0,0,0,0,0,0,0.50001387,0,0,0
232,216,"N",0.466666667,19.8805,0.912659254,0.908530951,0.454019028,0.910132271,0,0.454265475,0,0,0.912659254,0.454265475,0.454019164,0.910132271
233,217,"I",0.269035533,18.4146,0.482209119,1.444041556,0.962395106,1.92673501,0,0.481370491,0,0,0.482223296,0.962670548,0.962414647,1.926829524
234,218,"G",0.211538462,16.5441,0,0.517472046,1.035048546,0.51708474,0,0,0,0,0,0.517436483,1.035090019,0.517065596
235,219,"S",0.606451613,13.5269,1,1.499948569,0.5,1.999807012,0,0.5,0.5,0.5,1,0.999948189,0,1.49979101
236,220,"R",0.251824818,11.7329,0,0.999851411,0,0,0,0,0,0,0,0.999868389,0,0
237,221,"P",0.685534591,9.73304,0,2.5,6.999312958,4.99903771,0,0,0.5,0.5,0,2.5,6.499080098,4.498749554
238,222,"R",0.583941606,6.30379,0.501196707,0.502496676,0.501553253,1.000205051,0,0,0,0,0.502257364,0.503034298,0.501449714,1.000531629
239,223,"V",0.270114943,3.79934,1.206202693,1.142186835,3.971299703,2.787951961,0.798898469,0.780403509,0.801537024,0.805317116,0.403484923,0.376062537,3.164341937,1.98182426
240,224,"R",0.350364964,NA,0,0,0,0.485970806,0,0,0,0,0,0,0,0.485985067
241,225,"N",0.574358974,3.81497,1.825318508,6.81398213,11.35047571,11.37715037,1.368988881,2.271327377,4.086171255,2.275330678,0.456329627,4.542654754,7.26430662,9.101896811
242,226,"I",0.131979695,5.56647,0.964070411,0.481427495,0,0.481644585,0,0.481498648,0,0,0.963912433,0,0,0.481650821
243,227,"P",0.144654088,8.62444,0,0,0.499987715,0,0,0,0,0,0,0,0.499982286,0
244,228,"S",0.025806452,10.5248,0,0,0,0,0,0,0,0,0,0,0,0
245,229,"R",0.131386861,11.3707,0,0,0,0,0,0,0,0,0,0,0,0
246,230,"I",0,13.6263,0.362482272,0.730645322,1.104948699,0.732600437,0.362451618,0.36583775,0.366546741,0.365509113,0,0.365059942,0.738207485,0.366652532
247,231,"S",0.051612903,16.4599,0,0,0,0,0,0,0,0,0,0,0,0
248,232,"I",0,18.34,0,0,0,0,0,0,0,0,0,0,0,0
249,233,"Y",0.186311787,22.1494,0,0,0,0,0,0,0,0,0,0,0,0
250,234,"W",0.185964912,24.9795,0,0,0,0,0,0,0,0,0,0,0,0
251,235,"T",0.023255814,28.6013,0,0,0,0,0,0,0,0,0,0,0,0
252,236,"I",0.284263959,31.4105,0,0,0.354595884,0.353999306,0,0,0,0,0,0,0.354640017,0.354032857
253,237,"V",0,34.1698,0,0,0,0,0,0,0,0,0,0,0,0
254,238,"K",0.419491525,37.6808,0.482681436,0,0.481639586,0.964148224,0,0,0,0,0.482708322,0,0.481645336,0.964150589
255,239,"P",0.333333333,40.2846,0.500018065,0.500021052,0.500007534,0.500081594,0,0,0,0,0.500027747,0.500031813,0.500010864,0.500117826
256,240,"G",0.461538462,42.0896,0,0,0,0,0,0,0,0,0,0,0,0
257,241,"D",0.067357513,39.2858,0,0,0,0,0,0,0,0,0,0,0,0
258,242,"I",0.329949239,37.012,0.70674336,1.063858308,0.708871536,1.415633923,0.353061658,0.354549607,0,0,0.353538047,0.709310277,0.708818239,1.415606796
259,243,"L",0.004975124,33.3526,0.499965829,0,0.499990513,0.49993981,0,0,0,0,0.499947519,0,0.49998632,0.499913093
260,244,"L",0.288557214,33.1939,0,0,0,0.82715828,0,0,0,0,0,0,0,0.827099478
261,245,"I",0.005076142,30.0436,0,0,0,0,0,0,0,0,0,0,0,0
262,246,"N",0.384615385,30.5416,0,2.271681625,0.454019028,2.275778385,0,0,0,0.455098527,0,2.271862735,0.454019164,1.820724214
263,247,"S",0.019354839,27.8729,0,0,0.454019028,0,0,0,0,0,0,0,0.454019164,0
264,248,"T",0.290697674,27.6308,0,1.499292875,0.499950373,0.999863321,0,0.499923878,0,0,0,0.999365523,0.499928441,0.999802654
265,249,"G",0,23.8754,0,0,0,0,0,0,0,0,0,0,0,0
266,250,"N",0,20.4277,0,0,0,0,0,0,0,0,0,0,0,0
267,251,"L",0.004975124,21.528,0,0,0,0,0,0,0,0,0,0,0,0
268,252,"I",0,19.3424,0,0.962620756,0,0,0,0,0,0,0,0.962652172,0,0
269,253,"A",0,22.5192,0,0,0,0,0,0,0,0,0,0,0,0
270,254,"P",0.006289308,23.8174,0,0,0,0,0,0,0,0,0,0,0,0
271,255,"R",0.211678832,25.1538,0,0,0,0,0,0,0,0,0,0,0,0
272,256,"G",0.009615385,27.7642,0,0,0,0,0,0,0,0,0,0,0,0
273,257,"Y",0.034220532,28.4682,0,0,0,0,0,0,0,0,0,0,0,0
274,258,"F",0.025,28.2153,0,0,0,0,0,0,0,0,0,0,0,0
275,259,"K",0.165254237,31.519,0,0.481868434,0,0.482113417,0,0.481926785,0,0,0,0,0,0.482128622
276,260,"I",0.223350254,32.0247,0.706491803,0.707968485,1.063342732,1.770152719,0,0.354098934,0.354317525,0,0.706489246,0.353925649,0.70901003,1.770389863
277,261,"R",0.412408759,34.6052,7.342229559,7.281853446,12.82702886,11.9368431,2.765277381,2.748372819,4.60629991,3.691588569,4.578298336,4.536244837,8.226044923,8.245411678
278,262,"S",0.767741936,36.3841,1.825491917,0.454322142,2.270608796,1.365198407,0.912907793,0,0.454019028,0,0.912659254,0.454351111,1.816669243,1.365198407
279,263,"G",0.346153846,37.2293,0.500227614,0,0,0,0,0,0,0,0.500304101,0,0,0
280,264,"K",0.550847458,36.6586,0.965156257,0.96369274,0.481664039,1.92825228,0,0,0.481696966,0.482112564,0.965099304,0.963699014,0,1.446123301
281,265,"S",0.070967742,32.9718,0,0,0,0,0,0,0,0,0,0,0,0
282,266,"S",0.064516129,30.5185,0,0,0,0,0,0,0,0,0,0,0,0
283,267,"I",0.040609137,27.328,0.706534338,0.708973508,0.354545877,0.353974092,0.353211099,0,0,0,0.353297225,0.709122084,0.354567892,0.353996442
284,268,"M",0.026785714,27.2045,0,0,1.000217395,0.667067454,0,0,0,0,0,0,1.00031351,0.667245539
285,269,"R",0.408759124,24.7242,0.499962868,0.999469583,0.499899159,2.499064133,0.499968242,0,0,0,0,0.999198687,0.499859816,2.498648876
286,270,"S",0.051612903,25.9479,0,0.555868148,0,0,0,0,0,0,0,0.555813871,0,0
287,271,"D",0.523316062,25.2385,0,0,0.454019028,0.455066136,0,0,0,0,0,0,0.454019164,0.455066136
288,272,"A",0.062015504,28.7653,1,1,0,0.5,0.5,0,0,0,0.5,1,0,0.5
289,273,"P",0.559748428,29.1506,0.5,0.5,0,0,0,0,0,0,0.5,0.5,0,0
290,274,"I",0.289340102,30.7662,0,0.481099661,0.48073053,0.96323665,0,0.480603132,0,0,0,0,0.48071435,0.963225806
291,275,"G",0.221153846,34.3208,0.999770469,0.999752939,1.499767491,1.000025291,0,0,0.500216594,0.500195065,0.999379118,0.999626705,0.999585215,0.499931703
292,276,"K",0.834745763,36.9738,0.482759663,0.481826541,0,0,0,0,0,0,0.482805943,0.481829589,0,0
293,277,"C",0.329341317,39.4804,0,0,0,0,0,0,0,0,0,0,0,0
294,278,"N",0.584615385,40.8928,0.474759685,3.366247537,1.893310859,1.89840915,0.474818586,0.955581673,0.472218804,0.472716493,0,2.412467356,1.421458711,1.426332978
295,279,"S",0.129032258,40.6237,0,0,0.500270421,0,0,0,0,0,0,0,0.500372343,0
296,280,"E",0.32735426,40.9109,2.863687609,0.953413723,2.38547834,2.386554288,0.954382561,0.476802004,1.429800851,0.954073084,1.909318029,0.476658246,0.954630056,1.432298227
297,281,"C",0,39.081,0,0,0,0,0,0,0,0,0,0,0,0
298,282,"I",0,35.3896,0.481998011,0.481291929,0,0,0,0,0,0,0.482231472,0.481298205,0,0
299,283,"T",0,33.8007,0,0,0,0,0,0,0,0,0,0,0,0
300,284,"P",0.13836478,30.4305,0,0,0,0,0,0,0,0,0,0,0,0
301,285,"N",0.420512821,32.4478,0,0,0,0,0,0,0,0,0,0,0,0
302,286,"G",0,33.7657,0,0,0,0,0,0,0,0,0,0,0,0
303,287,"S",0.012903226,36.6932,0,0,0,0,0,0,0,0,0,0,0,0
304,288,"I",0,39.9238,0,0,0,0,0,0,0,0,0,0,0,0
305,289,"P",0.352201258,43.5166,0.5,0.5,1,0,0,0,0,0,0.5,0.5,1,0
306,290,"N",0.225641026,44.9296,0.912683744,0.454265475,0.454019028,0.4550906,0,0,0,0,0.91269687,0.454265475,0.454019164,0.455101462
307,291,"D",0.331606218,48.606,0.456335158,1.817459468,0.454059515,0.455156155,0,0.454307308,0,0,0.456338123,1.363182879,0.454077547,0.455196131
308,292,"K",0.165254237,48.6738,0.482847791,0.481920885,0.963472075,0.964497799,0.482814344,0,0,0.482300826,0,0.48193673,0.963401777,0.48222585
309,293,"P",0.13836478,48.6515,0,0,0,0,0,0,0,0,0,0,0,0
310,294,"F",0.045833333,46.2259,0,0,0,0,0,0,0,0,0,0,0,0
311,295,"Q",0.004444444,43.1944,0,0,0,0,0,0,0,0,0,0,0,0
312,296,"N",0.220512821,41.369,0,0,0,0,0,0,0,0,0,0,0,0
313,297,"V",0.143678161,38.3425,0,0,0.999204911,0.999295552,0,0,0.499837948,0,0,0,0.499498443,0.998983126
314,298,"N",0.097435897,35.8287,0,0,0.454019028,0,0,0,0,0,0,0,0.454019164,0
315,299,"R",0.281021898,36.0848,0,0.971058239,0.971277784,0.486193815,0,0,0.485593882,0,0,0.97106323,0.485658851,0.486224986
316,300,"I",0.162436548,33.4529,1.445062238,2.885996027,2.406252525,1.443668145,0.480690721,0,0,0,0.9644465,2.885137127,2.406418437,1.443125643
317,301,"T",0.110465116,35.3385,0.5,0,0,0,0,0,0,0,0.5,0,0,0
318,302,"Y",0.015209126,35.4969,0,0,0,0,0,0,0,0,0,0,0,0
319,303,"G",0,38.7274,0,0,0,0,0,0,0,0,0,0,0,0
320,304,"A",0.085271318,42.3206,1.5,2.499914262,1.5,2.499939931,1,0,0.5,1,0.5,2.499870441,1,1.499947958
321,305,"C",0.035928144,41.8058,0,0,0,0,0,0,0,0,0,0,0,0
322,306,"P",0.018867925,44.025,0,0,0,0,0,0,0,0,0,0,0,0
323,307,"R",0.211678832,43.6087,0,0,0,0.499812835,0,0,0,0,0,0,0,0.499729787
324,308,"Y",0.190114068,41.5945,0,0,0,0,0,0,0,0,0,0,0,0
325,309,"V",0,43.8735,1.999544862,0,0.999927929,0.999953541,0,0,0,0,1.999301035,0,0.999896078,0.999932917
326,310,"K",0.483050848,43.6364,0,0,0,0,0,0,0,0,0,0,0,0
327,311,"Q",0.146666667,46.4878,0.638230969,1.158807772,1.242334339,1.274272734,0.642313358,1.220164141,0.638143115,0.651054238,0,0,0.613948954,0.6311464
328,312,"N",0.553846154,45.7687,1.82541656,1.817516033,2.724990289,3.640927337,1.368988881,0.454265475,1.362057085,1.820264543,0.456367278,1.363311181,1.362689273,1.820552086
329,313,"T",0.372093023,49.2508,0,0,0.5,0,0,0,0,0,0,0,0.5,0
330,314,"L",0.054726368,51.9791,0,0,0,0,0,0,0,0,0,0,0,0
331,315,"K",0.254237288,55.0442,0,0.481820661,0,0,0,0,0,0,0,0.481820704,0,0
332,316,"L",0.004975124,57.3144,0,0,0,0,0,0,0,0,0,0,0,0
333,317,"A",0,60.919,0,0,0,0,0,0,0,0,0,0,0,0
334,318,"T",0.075581395,62.1807,0,0,0,0,0,0,0,0,0,0,0,0
335,319,"G",0,65.6034,0,0,0,0,0,0,0,0,0,0,0,0
336,320,"M",0.013392857,68.3146,0,0,0,0,0,0,0,0,0,0,0,0
337,321,"R",0.273722628,68.8373,0,0,0,0,0,0,0,0,0,0,0,0
338,322,"N",0.092307692,69.2628,0,0,0,0,0,0,0,0,0,0,0,0
339,323,"V",0.172413793,72.5329,1.498658996,0.997482986,1.499552768,3.494030475,0,0.499793136,0.499837966,0,1.497941328,0.498205672,0.999713301,3.491386798
340,324,"P",0.603773585,73.9706,0,0.500444011,0.50003744,0,0,0,0,0,0,0.500671264,0.50005399,0
341,325,"E",0.291479821,77.3325,0.484472076,0,0,0,0,0,0,0,0.484473868,0,0,0
342,326,"K",0.555084746,80.1179,0.966015603,0.964169153,0.482084288,0.482526742,0.482941533,0.482120379,0.482004179,0.482303892,0.483043323,0.482066279,0,0
343,327,"Q",1.102222222,81.6641,0,0,1.447990377,0,0,0,0,0,0,0,1.448185938,0
344,328,NA,NA,NA,0.499994323,0,0,0,0,0,0,0,0.49999128,0,0,0
345,329,NA,NA,NA,0.499988932,0.499948653,0,0.499966725,0,0,0,0,0.499983001,0.499922412,0,0.499951954
346,330,NA,NA,NA,0,0,0,0,0,0,0,0,0,0,0,0
347,331,NA,NA,NA,0,0,0.35459585,0,0,0,0,0,0,0,0.354639966,0
348,332,NA,NA,NA,0,0,0,0,0,0,0,0,0,0,0,0
349,333,NA,NA,NA,0,0,0,0,0,0,0,0,0,0,0,0
350,334,"A",1.07751938,90.04,0,0,0,0,0,0,0,0,0,0,0,0
351,335,"I",0.152284264,87.4119,0,0,0,0,0,0,0,0,0,0,0,0
352,336,"A",0.255813954,85.3998,0,0,0,0,0,0,0,0,0,0,0,0
353,337,"G",0,83.5038,0,0,0,0,0,0,0,0,0,0,0,0
354,338,"F",0.116666667,80.2265,0,0,0,0,0,0,0,0,0,0,0,0
355,339,"I",0.350253807,81.1514,0,0,0,0,0,0,0,0,0,0,0,0
356,340,"E",0.659192825,78.5633,0,0,0,0,0,0,0,0,0,0,0,0
357,341,"N",0.020512821,78.4044,0,0,0,0,0,0,0,0,0,0,0,0
358,342,"G",0,76.1717,0,0,0,0,0,0,0,0,0,0,0,0
359,343,"W",0,77.1475,0,0.785920994,0,0,0,0,0,0,0,0.785529925,0,0
360,344,"E",0.385650224,74.8868,0,0,0,0,0,0,0,0,0,0,0,0
361,345,"G",0.423076923,77.192,0,0,0,0,0,0,0,0,0,0,0,0
362,346,"M",0.013392857,76.6056,0.335963899,0,0.668431725,0.334021675,0.337308831,0,0,0,0,0,0.669214884,0.334328179
363,347,"V",0.735632184,74.0398,5.067435821,3.929737567,5.775951297,4.81412855,3.615407881,2.47632258,3.351837108,2.892773765,1.4487384,1.467521765,2.412202756,1.924382471
364,348,"D",0.611398964,74.9775,0,0,0,0,0,0,0,0,0,0,0,0
365,349,"G",0.057692308,74.7824,0,0,0,0,0,0,0,0,0,0,0,0
366,350,"W",0.147368421,73.548,0,0.785920994,0,0,0,0,0,0,0,0.785529925,0,0
367,351,"Y",0,76.9676,0,0,0,0,0,0,0,0,0,0,0,0
368,352,"G",0,80.4357,0,0,0,0,0,0,0,0,0,0,0,0
369,353,"F",0.016666667,83.9823,0,0.454279622,0,0,0,0,0,0,0,0.454286852,0,0
370,354,"R",0.127737226,85.7249,0,0,0.485630501,0,0,0,0.485576694,0,0,0,0,0
371,355,"H",0.058035714,89.4992,0,0,0,0,0,0,0,0,0,0,0,0
372,356,"Q",0.351111111,92.4489,0,1.450617596,1.447833112,1.457946324,0,0.72542519,0,0,0,0.725249321,1.447959114,1.458035807
373,357,"N",0.092307692,95.7273,0,0,0,0,0,0,0,0,0,0,0,0
374,358,"S",0.483870968,98.6896,0,0.499982864,0,0.99995197,0,0,0,0,0,0.499974105,0,0.999930648
375,359,"E",0.506726457,96.4738,0,0,0,0,0,0,0,0,0,0,0,0
376,360,"G",0.298076923,93.6689,0,0,0,0,0,0,0,0,0,0,0,0
377,361,"I",0.543147208,90.2557,2.357157571,0.962555637,2.882373412,2.381121678,0.943024267,0.944736032,0.955934307,0.938613044,1.414164963,0,1.925907107,1.438083994
378,362,"G",0.201923077,87.5955,0,0,0,0,0,0,0,0,0,0,0,0
379,363,"Q",0.328888889,84.2291,0,0,0,0,0,0,0,0,0,0,0,0
380,364,"A",0.178294574,82.8899,0,0,0,0,0,0,0,0,0,0,0,0
381,365,"A",0.248062016,79.6516,0,0,0,0,0,0,0,0,0,0,0,0
382,366,"D",0.103626943,79.9139,0,0,0,0,0,0,0,0,0,0,0,0
383,367,"L",0.651741294,77.7526,0,0.499982858,0.500072961,0,0,0,0,0,0,0.499974096,0.500105217,0
384,368,"K",0.605932203,77.8741,0.482643233,0.48189673,0,0,0,0,0,0,0.482649642,0.481905261,0,0
385,369,"S",0,76.5975,0,0,0,0,0,0,0,0,0,0,0,0
386,370,"T",0.063953488,73.9374,0,0,0,0,0,0,0,0,0,0,0,0
387,371,"Q",0.355555556,72.6506,0,0,0,0,0,0,0,0,0,0,0,0
388,372,"A",0.217054264,72.7136,0.5,0,2.000540198,0.500084297,0,0,0.500240585,0,0.5,0,1.50026525,0.500121731
389,373,"A",0,70.3812,0,0,0,0,0,0,0,0,0,0,0,0
390,374,"I",0.208121827,68.066,1.44677047,0.962620692,0.480555975,0.962476383,0,0,0,0,1.44688972,0.962652075,0.480462442,0.962616436
391,375,"N",0.456410256,67.8355,1.825318508,0.454265475,1.362057085,0.910132271,1.368988881,0.454265475,0.454019028,0.455066136,0.456329627,0,0.908038327,0.455066136
392,376,"Q",0.328888889,66.9073,0,0,0,0,0,0,0,0,0,0,0,0
393,377,"I",0.020304569,64.2505,0,0,0,0,0,0,0,0,0,0,0,0
394,378,"N",0.441025641,62.8219,0,0.454265475,0,0,0,0,0,0,0,0.454265475,0,0
395,379,"G",0.346153846,62.9729,0,0,0,0,0,0,0,0,0,0,0,0
396,380,"K",0.050847458,60.6317,0,0.491775792,0,0.491942242,0,0,0,0,0,0.491742078,0,0.491907238
397,381,"L",0.189054726,58.3325,0,0,0,0,0,0,0,0,0,0,0,0
398,382,"N",0.528205128,58.0659,0,0,0,0,0,0,0,0,0,0,0,0
399,383,"R",0.726277372,56.9995,0.618574756,0,0.65624892,0,0,0,0,0,0.61606124,0,0.660237887,0
400,384,"L",0.099502488,54.2501,0,0,0,0,0,0,0,0,0,0,0,0
401,385,"I",0.258883249,53.0214,0.963939786,0.9626084,0.48117996,0,0,0,0,0,0.963711886,0.962633499,0.481181954,0
402,386,"G",0.471153846,50.865,1.000484746,0,0.50013231,0.500137403,0,0,0,0,1.000516781,0,0.500131158,0.500145976
403,387,"K",0.478813559,50.7661,0.4826571,0,0,0.482075644,0.4827053,0,0,0,0,0,0,0.482077507
404,388,"T",0.186046512,47.1371,0,0,0,0,0,0,0,0,0,0,0,0
405,389,"N",0.369230769,45.6686,0,0,0,0,0,0,0,0,0,0,0,0
406,390,"E",0.426008969,42.4342,0,0,0,0.483944308,0,0,0,0,0,0,0,0.483932748
407,391,"K",0.372881356,39.5761,0,0,0.48167826,0,0,0,0,0,0,0,0.481666203,0
408,392,"F",0.179166667,36.4156,0.456354135,0,0,0,0,0,0,0,0.45636727,0,0,0
409,393,"H",0.232142857,33.7304,0,0,0,0,0,0,0,0,0,0,0,0
410,394,"Q",0.24,34.2982,0,0,0,0,0,0,0,0,0,0,0,0
411,395,"I",0.375634518,32.2368,0,0,0,0,0,0,0,0,0,0,0,0
412,396,"E",0.215246637,29.384,0,0,0,0,0,0,0,0,0,0,0,0
413,397,"K",0.097457627,30.824,0,0,0,0,0,0,0,0,0,0,0,0
414,398,"E",0.515695067,27.9219,0,0,0,0,0,0,0,0,0,0,0,0
415,399,"F",0.229166667,25.2433,0,0,0,0,0,0,0,0,0,0,0,0
416,400,"S",0.632258065,21.9424,0.552973431,0,1.668995608,0,0,0,0,0,0.553005631,0,1.668978938,0
417,401,"E",0.560538117,22.0881,0,0,0,0,0,0,0,0,0,0,0,0
418,402,"V",0.833333333,25.0665,0.499936176,0.499930057,0.499950325,0.499972118,0,0,0,0,0.499901979,0.499894314,0.499928372,0.49995974
419,403,"E",0.466367713,26.4155,0,0,0,0,0,0,0,0,0,0,0,0
420,404,"G",0.288461539,30.143,0,0,0,0,0,0,0,0,0,0,0,0
421,405,"R",0.821167883,32.8118,0,0,0.499631689,0.499662032,0,0,0,0,0,0,0.499599512,0.499578356
422,406,"I",0.472081218,31.7349,1.447436571,0.962707753,1.925124068,0.963476624,0.482319074,0,0.481247299,0.963681813,0.965129059,0.96278365,1.443887939,0
423,407,"Q",0.057777778,30.4488,0,0,0,0,0,0,0,0,0,0,0,0
424,408,"D",0.528497409,33.6799,0.912659254,1.362796426,0,0.910152178,0,0,0,0,0.912659254,1.362796426,0,0.910161016
425,409,"L",0.502487562,35.6315,2.501285491,0.499993364,1.499655783,1.999515497,0.499885391,0.499980383,0,0,2.001826105,0,1.49950369,1.999300474
426,410,"E",0.215246637,33.7688,0,0,0,0,0,0,0,0,0,0,0,0
427,411,"K",0.457627119,34.4582,0.965352364,0,0.481656847,0.482124033,0,0,0,0,0.965400504,0,0.481670228,0.482123328
428,412,"Y",0.619771863,38.0465,0,0,0,0,0,0,0,0,0,0,0,0
429,413,"V",0.431034483,38.7989,0,0.499993378,0.499928887,0.499995361,0,0,0.499984554,0,0,0.499989993,0,0.499993302
430,414,"E",0.044843049,37.8062,0,0,0,0,0,0,0,0,0,0,0,0
431,415,"D",0.383419689,39.5991,0,0,0,0,0,0,0,0,0,0,0,0
432,416,"T",0.331395349,42.644,0.49997053,1,0.5,0.5,0,0.5,0,0.5,0.499954739,0.5,0.5,0
433,417,"K",0.313559322,42.7016,0,0,0,0,0,0,0,0,0,0,0,0
434,418,"I",0.025380711,42.4062,0,0.709387786,0.354749545,1.062384582,0,0.354653207,0,0.708174825,0,0.354714692,0.354829042,0.354146302
435,419,"D",0.310880829,45.1566,0,0,0,0,0,0,0,0,0,0,0,0
436,420,"L",0.507462687,47.4406,0,0.499973492,0.499963213,0,0,0,0,0,0,0.499959944,0.499946955,0
437,421,"W",0.273684211,47.0012,0,0,0,0,0,0,0,0,0,0,0,0
438,422,"S",0.025806452,47.4563,0,0,0,0,0,0,0,0,0,0,0,0
439,423,"Y",0.539923954,50.6987,0,0,0,0,0,0,0,0,0,0,0,0
440,424,"N",0.364102564,51.8013,0,0,0,0,0,0,0,0,0,0,0,0
441,425,"A",0,51.2367,0,0,0,0,0,0,0,0,0,0,0,0
442,426,"E",0.255605381,53.1204,0,0.483591114,0,0,0,0.48357702,0,0,0,0,0,0
443,427,"L",0.333333333,56.0659,0.500534812,0.49987994,0.49998774,1.501843755,0,0.499949311,0,0,0.500246374,0,0.499982321,1.502663753
444,428,"L",0.28358209,56.2275,0,0.499946757,0.999916881,0,0,0,0,0,0,0.499919547,0.999880147,0
445,429,"V",0.034482759,56.5222,0,0,0,0,0,0,0,0,0,0,0,0
446,430,"A",0.054263566,59.1008,0.5,1,0.5,0,0,0,0.5,0,0.5,1,0,0
447,431,"L",0.44278607,61.1163,1.673123837,0,0,0.832155813,0.833500669,0,0,0.833096897,0.838211738,0,0,0
448,432,"E",0.143497758,60.9775,0,0,0,0,0,0,0,0,0,0,0,0
449,433,"N",0,61.9874,0,0,0,0,0,0,0,0,0,0,0,0
450,434,"Q",0.137777778,64.8685,0,0,0,0,0,0,0,0,0,0,0,0
451,435,"H",0.410714286,65.9533,0.456553334,0,0,0,0,0,0,0,0.456673311,0,0,0
452,436,"T",0,65.8551,0,0,0,0,0,0,0,0,0,0,0,0
453,437,"I",0.020304569,67.9588,0,0.481291931,0.481197516,0,0,0,0.481189888,0,0,0.481298209,0,0
454,438,"D",0.440414508,70.3341,0,0.454293774,0.908038057,1.365258096,0,0,0.454019028,0,0,0.45430824,0.454019164,1.365284596
455,439,"L",0.044776119,70.661,0,0.831661253,0,0,0,0,0,0,0,0.831254389,0,0
456,440,"T",0.005813954,71.2778,0.5,0,0,0,0,0,0,0,0.5,0,0,0
457,441,"D",0.222797928,73.7392,0,0,0.454032754,0,0,0,0,0,0,0,0.454038956,0
458,442,"S",0.316129032,75.3703,0.552604695,0,0.556083587,1.108997268,0.552500785,0,0.555948107,0.554394746,0,0,0,0.554544768
459,443,"E",0.040358744,75.9541,0,0,0,0,0,0,0,0,0,0,0,0
460,444,"M",0.017857143,77.7824,0,0.333340059,0,0.333338048,0,0,0,0,0,0.333343497,0,0.333340141
461,445,"N",0.425641026,79.8862,1.36901182,0.454265475,0.454019028,0,0,0,0,0,1.369024114,0.454265475,0.454019164,0
462,446,"K",0.415254237,80.7327,0.482623617,0,0.481607815,0,0,0,0.481557218,0,0.482615021,0,0,0
463,447,"L",0,81.9125,0,0,0.829813245,0,0,0,0,0,0,0,0.82910688,0
464,448,"F",0.058333333,84.125,0,0,0,0,0,0,0,0,0,0,0,0
465,449,"E",0.385650224,85.5774,0,0,0,0,0,0,0,0,0,0,0,0
466,450,"R",0.273722628,86.3678,1.9369022,1.450051857,0.482428192,1.449460413,1.452221274,0.484096298,0.482116056,0.966724983,0.484306936,0.96594073,0,0.483060733
467,451,"T",0.005813954,88.1581,0,0,0,0,0,0,0,0,0,0,0,0
468,452,"K",0.343220339,90.0435,0.49226237,0.491787161,1.475071457,0,0.492338479,0,0,0,0,0.491775057,1.474968595,0
469,453,"K",0.605932203,91.1878,0.492190711,0,0.983094701,0.491914799,0.492154169,0,0,0,0,0,0.983051791,0.491896239
470,454,"Q",0.177777778,92.4541,0.735111476,0,0.723405239,0,0,0,0,0,0.735156198,0,0.72321883,0
471,455,"L",0.004975124,94.5246,0,0.831530299,0,0.834166069,0,0,0,0,0,0.831098696,0,0.833758721
472,456,"R",0.49270073,96.3988,0,0,0,0.486208797,0,0,0,0,0,0,0,0.486178833
473,457,"E",0.35426009,99.2787,0,0,0,0,0,0,0,0,0,0,0,0
474,458,"N",0,99.0799,0,0,0,0,0,0,0,0,0,0,0,0
475,459,"A",0.07751938,96.4433,0,0,0,0,0,0,0,0,0,0,0,0
476,460,"E",0.300448431,95.3253,0,0,0,0,0,0,0,0,0,0,0,0
477,461,"D",0.373056995,91.8361,0,0,0,0,0,0,0,0,0,0,0,0
478,462,"M",0.410714286,91.5821,0.333339103,1.004449752,1.002927572,0.667679717,0,0.333535313,0.668567499,0.333491898,0.333342196,0.670950584,0.334320434,0.33399457
479,463,"G",0.509615385,88.591,0,0,0,0,0,0,0,0,0,0,0,0
480,464,"N",0.230769231,86.1098,0,0,0,0,0,0,0,0,0,0,0,0
481,465,"G",0.019230769,85.0067,0,0,0,0,0,0,0,0,0,0,0,0
482,466,"C",0,88.1952,0,0,0,0,0,0,0,0,0,0,0,0
483,467,"F",0.008333333,91.4688,0,0,0.454049383,0,0,0,0,0,0,0,0.454062937,0
484,468,"K",0.300847458,94.8688,0.96565046,0.48191642,0.481738194,0.482292844,0.482690354,0.481881771,0.4817106,0.482318257,0.482897542,0,0,0
485,469,"I",0,96.6327,0,0,0,0,0,0,0,0,0,0,0,0
486,470,"Y",0.11026616,100.378,0,0,0,0,0,0,0,0,0,0,0,0
487,471,"H",0,101.573,0,0,0,0,0,0,0,0,0,0,0,0
488,472,"K",0.470338983,101.266,0,0.481850452,0,0,0,0,0,0,0,0.481865723,0,0
489,473,"C",0.005988024,97.9702,0,0,0,0,0,0,0,0,0,0,0,0
490,474,"D",0.336787565,97.3726,1.368988881,0.454265475,0.908038057,0.910132271,1.368988881,0,0,0.455066136,0,0.454265475,0.908038327,0.455066136
491,475,"N",0.358974359,94.2335,0,0,0,0,0,0,0,0,0,0,0,0
492,476,"A",0.581395349,95.0251,2.499852823,0.5,2,1,0,0,0,0.5,2.499773957,0.5,2,0.5
493,477,"C",0.023952096,95.7235,0,0,0,0,0,0,0,0,0,0,0,0
494,478,"I",0,92.3987,0.706611212,1.063243773,0.354479541,0.353843814,0.353229705,0,0,0.353871775,0.353346296,1.06335588,0.354472232,0
495,479,"G",0.086538462,90.6985,1.544987746,1.032716562,1.550542685,0.516533281,0,0,1.034148702,0,1.544535148,1.032889809,0.516747324,0.516443885
496,480,"S",0.135483871,92.4689,0.552881481,0.555894341,0.55631363,0,0,0,0,0,0.552885734,0.555853446,0.556300016,0
497,481,"I",0.005076142,90.9191,0,0,0,0,0,0,0,0,0,0,0,0
498,482,"R",0.266423358,87.4773,0.499859327,0,0,0,0,0,0,0,0.499783973,0,0,0
499,483,"N",0.61025641,87.7763,0,0,0,0,0,0,0,0,0,0,0,0
500,484,"G",0.471153846,89.2803,1.03176441,0,0.517422689,0.516955517,0.516202138,0,0.517417242,0.516873115,0.515710914,0,0,0
501,485,"T",0.575581395,92.7248,0,0.499973464,0,0,0,0,0,0,0,0.499959902,0,0
502,486,"Y",0.064638783,94.779,0,0,0,0,0,0,0,0,0,0,0,0
503,487,"D",0.430051814,98.0079,1.368988881,1.817138986,1.816116558,1.365228266,0.912659254,0.454265475,1.362156052,0.910132271,0.456329627,1.362883792,0.454019164,0.455080507
504,488,"H",0.102678571,99.0228,0,0.90889934,0,0.455076083,0,0.454307353,0,0,0,0.454522447,0,0.455080499
505,489,"D",0.544041451,102.558,5.024175249,5.001759245,3.634258794,8.1942247,2.283057303,2.727861706,1.362453898,2.275818902,2.74088303,2.273684821,2.271702169,5.918460603
506,490,"V",0.574712644,103.418,0.5,0.99934959,1.000000438,0.999513148,0,0,0,0,0.5,0.999017472,1.000000633,0.999297159
507,491,"Y",0.205323194,102.954,0,0,0,0,0,0,0,0,0,0,0,0
508,492,"R",0.277372263,103.791,0,0,0,0,0,0,0,0,0,0,0,0
509,493,"D",0.735751295,107.418,0.912692494,0.908530951,0.908038057,0.910217853,0,0,0.454019028,0.455066136,0.912710309,0.908530951,0.454019164,0.455127926
510,494,"E",0.349775785,106.491,0,0,0,0,0,0,0,0,0,0,0,0
511,495,"A",0,103.553,0,0,0,0,0,0,0,0,0,0,0,0
512,496,"L",0.23880597,105.475,0,0.848039283,0.846973505,0,0,0,0,0,0,0.847617444,0.846640623,0
513,497,"N",0.564102564,108.284,0.456329627,0.908565708,0,0.455066136,0.456329627,0,0,0.455066136,0,0.908583474,0,0
514,498,"N",0.128205128,105.849,0.456360252,0,0.45425895,0.455246319,0,0,0.45422492,0.45528853,0.456376666,0,0,0
515,499,"R",0.167883212,103.91,0,0,0,0,0,0,0,0,0,0,0,0
516,500,"F",0.545833333,106.849,0,0,0,0,0,0,0,0,0,0,0,0
517,501,"Q",0.453333333,109.265,0,0,0.744475775,1.500953385,0,0,0.744651164,0.75086091,0,0,0,0.750306243
518,502,"I",0.868020305,110.857,0,0,0,0,0,0,0,0,0,0,0,0
519,503,"K",0.919491525,109.697,0.982794553,1.472083169,0.491172179,0.491293905,0.491547159,0,0,0,0.491316991,1.472519808,0.491042899,0.491276569
520,504,NA,NA,NA,0.512403433,0,0,1.027912678,0,0,0,0,0.512250242,0,0,1.028074612
521,505,NA,NA,NA,2.499488337,1.998965922,1.499374306,2.498769444,0,0.999607781,0.499845367,1.499365508,2.49921422,0.999419174,0.999535206,0.999477047
522,506,NA,NA,NA,0,0,0.483509266,0,0,0,0,0,0,0,0.483496278,0
523,507,NA,NA,NA,0,0,0,0,0,0,0,0,0,0,0,0
524,508,NA,NA,NA,0.984544176,0.491793184,0,0.491977066,0.492238175,0,0,0.491959651,0.492290264,0.491768357,0,0
525,509,NA,NA,NA,0.552877362,0.556027821,0,0,0,0,0,0,0.552858073,0.556055145,0,0
526,510,NA,NA,NA,1.005395645,1.002984479,1.003377237,0,0,0.502479005,0,0,1.005354767,0.500989367,1.003307487,0
527,511,NA,NA,NA,0.499955866,0,0,0,0,0,0,0,0.499932217,0,0,0
528,512,NA,NA,NA,0,0,0,0,0,0,0,0,0,0,0,0
529,513,NA,NA,NA,0.912659254,0,0.454019028,0.455066136,0.456329627,0,0,0.455066136,0.456329627,0,0.454019164,0
530,514,NA,NA,NA,0,0,0.785714207,0,0,0,0,0,0,0,0.785610686,0
531,515,NA,NA,NA,0.482198526,0,0.962438945,0.963048995,0.48222812,0,0.481218547,0,0,0,0.48121994,0.962954869
532,516,NA,NA,NA,0.837938282,0,0,0,0,0,0,0,0.837183783,0,0,0
533,517,NA,NA,NA,0,0,0,0,0,0,0,0,0,0,0,0
534,518,NA,NA,NA,0,0,0,0,0,0,0,0,0,0,0,0
535,519,NA,NA,NA,0,0,0,0,0,0,0,0,0,0,0,0
536,520,NA,NA,NA,0,0,0,0,0,0,0,0,0,0,0,0
537,521,NA,NA,NA,0,0,0,0,0,0,0,0,0,0,0,0
538,522,NA,NA,NA,1.413982762,2.484823728,1.774057249,1.419395884,0.70755622,0.710011382,0,0.354005042,0.706689051,1.774795202,1.774755185,1.065674784
539,523,NA,NA,NA,0,0,0,0,0,0,0,0,0,0,0,0
540,524,NA,NA,NA,0,0.481285782,0,0,0,0,0,0,0,0.481288917,0,0
541,525,NA,NA,NA,0,0.454364509,0,0.455086035,0,0.454307302,0,0,0,0,0,0.45509487
542,526,NA,NA,NA,0,0,0,0,0,0,0,0,0,0,0,0
543,527,NA,NA,NA,0,0,0.499987742,0.499995356,0,0,0,0,0,0,0.499982324,0.499993294
544,528,NA,NA,NA,0,0,0.481161641,0,0,0,0,0,0,0,0.481155538,0
545,529,NA,NA,NA,1.499811597,0.999893878,2.997992223,1.998568796,0.499868907,0.499921546,1.498975543,1.49922645,0.999947609,0.499959919,1.499005212,0.499597838
546,530,NA,NA,NA,3.5,2,4,3,1.5,1,1,2,2,1,3,1
547,531,NA,NA,NA,0,0,0,0,0,0,0,0,0,0,0,0
548,532,NA,NA,NA,0.831172584,0,1.645524013,0.82676287,0,0,0,0,0.830808679,0,1.644925649,0.826528726
549,533,NA,NA,NA,0,0,0,0,0,0,0,0,0,0,0,0
550,534,NA,NA,NA,0.456354144,0,0,0,0,0,0,0,0.456367284,0,0,0
551,535,NA,NA,NA,0.482203825,0,0.481193151,0.481660732,0,0,0,0,0.482215165,0,0.481200975,0.481674138
552,536,NA,NA,NA,0.333344903,0,1.335576051,0.333342775,0,0,0,0,0.333351104,0,1.336569972,0.333346966
553,537,NA,NA,NA,0,0,0,0,0,0,0,0,0,0,0,0
554,538,NA,NA,NA,0,0,0,0.5,0,0,0,0,0,0,0,0.5
555,539,NA,NA,NA,0,0,0,0,0,0,0,0,0,0,0,0
556,540,NA,NA,NA,0,0,0.723843713,0,0,0,0,0,0,0,0.723874505,0
557,541,NA,NA,NA,0,1.955934489,0.48737315,0.487821725,0,0.488332563,0,0,0,1.467951211,0.487484144,0.487999738
558,542,NA,NA,NA,0,0,0,0,0,0,0,0,0,0,0,0
559,543,NA,NA,NA,0,0,0,0,0,0,0,0,0,0,0,0
560,544,NA,NA,NA,0,0.48129193,0,0,0,0,0,0,0,0.481298206,0,0
561,545,NA,NA,NA,0.486933067,0.485450538,0.485622758,0,0,0,0,0,0.48701599,0.485471394,0.485603202,0
562,546,NA,NA,NA,0,0,0,0,0,0,0,0,0,0,0,0
563,547,NA,NA,NA,0.456329627,0.908530951,0.908038057,0.910132271,0,0,0.454019028,0.455066136,0.456329627,0.908530951,0.454019164,0.455066136
564,548,NA,NA,NA,0,0.962513008,0.481188735,0.481643451,0,0,0.481189886,0.481644539,0,0.962489349,0,0
565,549,NA,NA,NA,0,0.481260122,0,0.481603155,0,0,0,0,0,0.481250141,0,0.481590999
566,550,NA,NA,NA,0,0,0,0,0,0,0,0,0,0,0,0
