"Gene","Protein","pdb.2yp7","samp_unpassaged_249a_2014_full","samp_siat_249a_2014_full","samp_nonsiat_249a_2014_full","samp_unpassaged_249a_2014_internal","samp_siat_249a_2014_internal","samp_nonsiat_249a_2014_internal","samp_unpassaged_249a_2014_tips","samp_siat_249a_2014_tips","samp_nonsiat_249a_2014_tips"
1,NA,NA,0,0,0,0,0,0,0,0,0
2,NA,NA,0,0,0,0,0,0,0,0,0
3,NA,NA,0,0,0,0,0,0,0,0,0
4,NA,NA,0,0.484348766,0,0,0,0,0,0.484371311,0
5,NA,NA,0.482337678,0,0,0,0,0,0.482391032,0,0
6,NA,NA,0,0,0,0,0,0,0,0,0
7,NA,NA,0,0,0.816172256,0,0,0,0,0,0.815669993
8,NA,NA,0,0,0,0,0,0,0,0,0
9,NA,NA,0.499944295,0.499959593,0.499920092,0,0,0,0.499887008,0.499935588,0.499887261
10,NA,NA,0.482545934,0.484463101,0.480747448,0.48279908,0,0,0,0.484553619,0.48086219
11,NA,NA,0.835258273,0,0,0.837025119,0,0,0,0,0
12,NA,NA,0,0,0,0,0,0,0,0,0
13,NA,NA,0,0,0.825026984,0,0,0,0,0,0.824474062
14,NA,NA,0,0,0,0,0,0,0,0,0
15,NA,NA,0.45683103,0,0.452594357,0,0,0,0.457016797,0,0.452646522
16,NA,NA,0.5,0.5,0.5,0.5,0,0,0,0.5,0.5
17,1,NA,0,0,0,0,0,0,0,0,0
18,2,NA,0,0,0,0,0,0,0,0,0
19,3,NA,0.982629542,0.983551787,1.477212548,0.492811699,0.492665188,0.493960767,0.489784467,0.491249053,0.983534646
20,4,NA,0,0.499790603,0.5,0,0,0,0,0.499666277,0.5
21,5,NA,1.030775411,0.51137207,1.03594213,0.515759007,0.512624391,0,0.515006337,0,1.035841242
22,6,NA,0,0,0.452467473,0,0,0,0,0,0.452467473
23,7,NA,0.456770837,0,0.905012029,0.456887812,0,0,0,0,0.905043712
24,8,NA,0,0,0,0,0,0,0,0,0
25,9,NA,0,0,0,0,0,0,0,0,0
26,10,"T",0,0.499062091,0.499263784,0,0,0.499157922,0,0.498506513,0
27,11,"A",0,0,0,0,0,0,0,0,0
28,12,"T",0,0,0.498034936,0,0,0,0,0,0.497231836
29,13,"L",0,0,0,0,0,0,0,0,0
30,14,"C",0,0,0,0,0,0,0,0,0
31,15,"L",0,0,0,0,0,0,0,0,0
32,16,"G",0,0,0,0,0,0,0,0,0
33,17,"H",0,0,0,0,0,0,0,0,0
34,18,"H",0,0,0.45250974,0,0,0,0,0,0.452527112
35,19,"A",0,0,0,0,0,0,0,0,0
36,20,"V",0,0,0,0,0,0,0,0,0
37,21,"P",0,0,0,0,0,0,0,0,0
38,22,"N",0,0,0,0,0,0,0,0,0
39,23,"G",0,0,0,0,0,0,0,0,0
40,24,"T",0,0,0,0,0,0,0,0,0
41,25,"I",0.353456588,0,0.35550747,0,0,0.35600054,0.353945166,0,0
42,26,"V",0,0,0,0,0,0,0,0,0
43,27,"K",0.482932133,0,0.4811148,0,0,0,0.482957923,0,0.481129513
44,28,"T",0,0,0,0,0,0,0,0,0
45,29,"I",0,0,0,0,0,0,0,0,0
46,30,"T",0,0,0,0,0,0,0,0,0
47,31,"N",0.456650576,0.461329831,1.357783373,0.456650576,0.461329831,0,0,0,1.357939994
48,32,"D",0.456705419,0,0,0,0,0,0.456761846,0,0
49,33,"Q",0,1.871304766,0.921896701,0,0,0.923904464,0,1.867170243,0
50,34,"I",0,0,0,0,0,0,0,0,0
51,35,"E",0,0,0,0,0,0,0,0,0
52,36,"V",0,0,0,0,0,0,0,0,0
53,37,"T",0,0,0,0,0,0,0,0,0
54,38,"N",0,0,0,0,0,0,0,0,0
55,39,"A",0,0,0,0,0,0,0,0,0
56,40,"T",0,0,0,0,0,0,0,0,0
57,41,"E",0,0,0,0,0,0,0,0,0
58,42,"L",0,0,0,0,0,0,0,0,0
59,43,"V",0,0,0,0,0,0,0,0,0
60,44,"Q",0,0,0,0,0,0,0,0,0
61,45,"S",0,0,0,0,0,0,0,0,0
62,46,"S",0,0,0,0,0,0,0,0,0
63,47,"S",0,0,0,0,0,0,0,0,0
64,48,"T",0.35441135,0.35066119,0,0,0,0,0.355892796,0.350739018,0
65,49,"G",0,0.499474899,0.499896813,0,0,0,0,0.499163441,0.499854419
66,50,"G",0,0.478147404,0,0,0,0,0,0.478162243,0
67,51,"I",0,0,0,0,0,0,0,0,0
68,52,"C",0,0,0,0,0,0,0,0,0
69,53,"D",0.913301152,2.306649155,0.904934946,0,0,0.904934946,0.913301152,2.306649155,0
70,54,"S",0,0.461329831,1.357909999,0,0,0.452757731,0,0.461329831,0.905173864
71,55,"P",0,0,0,0,0,0,0,0,0
72,56,"H",0,0,0,0,0,0,0,0,0
73,57,"Q",1.516197068,0.776557282,0.739613446,0.756328679,0.780613255,0.739799474,0.759927696,0,0
74,58,"I",0.964883211,0,0.480505349,0,0,0,0.965203907,0,0.480520504
75,59,"L",0,0,0,0,0,0,0,0,0
76,60,"D",0,0,0,0,0,0,0,0,0
77,61,"G",0,0,0,0,0,0,0,0,0
78,62,"E",0.476014732,0.478959699,0.473264088,0.475977198,0.478883087,0.473246906,0,0,0
79,63,"N",0,0,0,0,0,0,0,0,0
80,64,"C",0,0,0,0,0,0,0,0,0
81,65,"T",0,0,0,0,0,0,0,0,0
82,66,"L",0.836924917,0,0,0,0,0,0.833343543,0,0
83,67,"I",0,0.350439924,0,0,0,0,0,0.350386267,0
84,68,"D",0,0,0,0,0,0,0,0,0
85,69,"A",0,0,0,0,0,0,0,0,0
86,70,"L",0,0,0,0,0,0,0,0,0
87,71,"L",0,0,0,0,0,0,0,0,0
88,72,"G",0,0,0,0,0,0,0,0,0
89,73,"D",0,0,0,0,0,0,0,0,0
90,74,"P",0,0,0,0,0,0,0,0,0
91,75,"Q",0,0,0.736142499,0,0,0,0,0,0.734984274
92,76,"C",0,0,0,0,0,0,0,0,0
93,77,"D",0,0,0,0,0,0,0,0,0
94,78,"G",0.499783962,0.49979056,0.999172942,0,0.499438443,0,0.499561937,0,0.998833447
95,79,"F",0,0,0,0,0,0,0,0,0
96,80,"Q",0,0,0,0,0,0,0,0,0
97,81,"N",0,0,0,0,0,0,0,0,0
98,82,"K",0,0,0,0,0,0,0,0,0
99,83,"K",0.483485203,0.485410103,0.962206236,0.483352679,0.485419722,0.962322474,0,0,0
100,84,"W",0,0,0,0,0,0,0,0,0
101,85,"D",0,0,0,0,0,0,0,0,0
102,86,"L",0,0,0,0,0,0,0,0,0
103,87,"F",0,0,0,0,0,0,0,0,0
104,88,"V",0,0.499959575,0,0,0,0,0,0.499935561,0
105,89,"E",0,0,0,0,0,0,0,0,0
106,90,"R",0,0,0,0,0,0,0,0,0
107,91,"S",0,0,0,0,0,0,0,0,0
108,92,"K",0,0,0,0,0,0,0,0,0
109,93,"A",0,0.5,0,0,0,0,0,0.5,0
110,94,"Y",1.487337955,1.994982084,1.489979903,1.489600205,0.499718583,0.993649285,0,1.494507555,0.496592324
111,95,"S",0,0,0,0,0,0,0,0,0
112,96,"N",0,0,0,0,0,0,0,0,0
113,97,"C",0,0,0,0,0,0,0,0,0
114,98,"Y",0,0,0,0,0,0,0,0,0
115,99,"P",0,0,0,0,0,0,0,0,0
116,100,"Y",0,0,0,0,0,0,0,0,0
117,101,"D",0,0,0,0,0,0,0,0,0
118,102,"V",0,0,0,0,0,0,0,0,0
119,103,"P",0,0,0,0,0,0,0,0,0
120,104,"D",0.456650576,0.923016849,0,0,0,0,0.456650576,0.923229196,0
121,105,"Y",0,0,0,0,0,0,0,0,0
122,106,"A",0.5,0,0,0,0,0,0.5,0,0
123,107,"S",0,0,0,0,0,0,0,0,0
124,108,"L",0,0,0.499689594,0,0,0,0,0,0.49956214
125,109,"R",0,0,0,0,0,0,0,0,0
126,110,"S",0,0,0,0,0,0,0,0,0
127,111,"L",0,0,0,0,0,0,0,0,0
128,112,"V",0.999721129,0,0,0,0,0,0.99943444,0,0
129,113,"A",0,0,0,0,0,0,0,0,0
130,114,"S",0,0.545559104,0,0,0,0,0,0.545447989,0
131,115,"S",0,0.499947661,0,0,0,0,0,0.499916569,0
132,116,"G",0,0,0,0,0,0,0,0,0
133,117,"T",0,0,0,0,0,0,0,0,0
134,118,"L",0,0,0,0,0,0,0,0,0
135,119,"E",0,0,0,0,0,0,0,0,0
136,120,"F",0,0,0,0,0,0,0,0,0
137,121,"N",0,0.461357816,0,0,0,0,0,0.461374444,0
138,122,"N",0.913301152,0.461329831,0.452467473,0.913301152,0.461329831,0.452467473,0,0,0
139,123,"E",0,0,0,0,0,0,0,0,0
140,124,"S",0,2.308437555,0.905019521,0,0,0,0,2.309501416,0.905054282
141,125,"F",0,0,0,0,0,0,0,0,0
142,126,"N",0,0,0.452467473,0,0,0,0,0,0.452467473
143,127,"W",0,0,0,0,0,0,0,0,0
144,128,"T",0.5,0.999790786,0.5,0.5,0.5,0.5,0,0.499833263,0
145,129,"G",0,0,0,0,0,0,0,0,0
146,130,"V",0,0,0,0,0,0,0,0,0
147,131,"T",0,0,0,0,0,0,0,0,0
148,132,"Q",0,0,0,0,0,0,0,0,0
149,133,"N",0,0,0,0,0,0,0,0,0
150,134,"G",0,0,0,0,0,0,0,0,0
151,135,"T",0.499811919,0,0.999805847,0.499735071,0,0,0,0,0.999726078
152,136,"S",0,0,0,0,0,0,0,0,0
153,137,"S",0,0,0,0,0,0,0,0,0
154,138,"A",0.5,0.5,0.5,0.5,0.5,0.5,0,0,0
155,139,"C",0,0,0,0,0,0,0,0,0
156,140,"K",0,0.350485126,0.710987193,0,0,0.355068199,0,0.350458308,0.355668716
157,141,"R",0,0,0,0,0,0,0,0,0
158,142,"K",1.524804746,2.026021671,1.527169056,1.016450881,1.014014775,1.528593108,0.508312289,1.012415303,0
159,143,"S",0,0,0,0,0,0,0,0,0
160,144,"N",0.456650576,0.461329831,0.452467473,0.456650576,0.461329831,0.452467473,0,0,0
161,145,"N",0,0,0,0,0,0,0,0,0
162,146,"S",0,0,0,0,0,0,0,0,0
163,147,"F",0,0,0,0,0,0,0,0,0
164,148,"F",0,0,0,0,0,0,0,0,0
165,149,"S",0,0,0,0,0,0,0,0,0
166,150,"R",0,0,0,0,0,0,0,0,0
167,151,"L",0,0,0,0,0,0,0,0,0
168,152,"N",0,0,0,0,0,0,0,0,0
169,153,"W",0,0,0,0,0,0,0,0,0
170,154,"L",0,0,0,0,0,0,0,0,0
171,155,"T",0,0,0,0,0,0,0,0,0
172,156,"H",0.45671069,0,0,0,0,0,0.45677254,0,0
173,157,"L",2.241133218,2.343960929,1.546724072,0.751990273,1.520933598,0.762973766,1.484048867,0.794260649,0.77771372
174,158,"K",0,0,0.904987898,0,0,0,0,0,0.905009661
175,159,"F",0.959850094,0.968224316,1.884580636,0.954526116,0.96233644,1.409920764,0,0,0.471628328
176,160,"K",0.489982059,1.968910676,7.287565651,0.489553293,0.982920008,0.972478879,0,0.985369801,6.313746478
177,161,"Y",0,0,0,0,0,0,0,0,0
178,162,"P",0,0,0,0,0,0,0,0,0
179,163,"A",0,0,0,0,0,0,0,0,0
180,164,"L",0,0,0,0,0,0,0,0,0
181,165,"N",0,0,0,0,0,0,0,0,0
182,166,"V",0,0.499376327,0,0,0,0,0,0.499006518,0
183,167,"T",0,0,0,0,0,0,0,0,0
184,168,"M",0,0,0,0,0,0,0,0,0
185,169,"P",0,0,0,0,0,0,0,0,0
186,170,"N",0,0,0,0,0,0,0,0,0
187,171,"N",0,0,0,0,0,0,0,0,0
188,172,"E",0,0,0,0,0,0,0,0,0
189,173,"K",0,0,0,0,0,0,0,0,0
190,174,"F",0,0,0,0,0,0,0,0,0
191,175,"D",0,0,0,0,0,0,0,0,0
192,176,"K",0,0,0,0,0,0,0,0,0
193,177,"L",0,0,0,0,0,0,0,0,0
194,178,"Y",0,0,0,0,0,0,0,0,0
195,179,"I",0,0,0.480505396,0,0,0,0,0,0.480520571
196,180,"W",0,0,0,0,0,0,0,0,0
197,181,"G",0,0,0,0,0,0,0,0,0
198,182,"V",0,0,0,0,0,0,0,0,0
199,183,"H",0,0,0,0,0,0,0,0,0
200,184,"H",0,0,0,0,0,0,0,0,0
201,185,"P",0,0,0,0,0,0,0,0,0
202,186,"G",0,0.499947641,0,0,0,0,0,0.499916539,0
203,187,"T",0,0,0,0,0,0,0,0,0
204,188,"D",0.456831012,0.461329831,0,0,0,0,0.457016759,0.461329831,0
205,189,"N",0,0,0,0,0,0,0,0,0
206,190,"D",0,0,0,0,0,0,0,0,0
207,191,"Q",0,0,0,0,0,0,0,0,0
208,192,"I",0,0,0.96108462,0,0,0,0,0,0.96114532
209,193,"F",0.914143786,0,1.358036903,0,0,0,0.915012157,0,1.358297825
210,194,"L",0,0,0,0,0,0,0,0,0
211,195,"Y",0,0,0,0,0,0,0,0,0
212,196,"A",0,0,0,0,0,0,0,0,0
213,197,"Q",1.470383559,2.2663948,1.42563373,0.738383032,1.523616474,0,0.731937862,0.751745947,1.422607038
214,198,"A",0,0.543354515,1.114770466,0,0.544289348,0,0,0,1.114120477
215,199,"S",0,0,0.558627137,0,0,0,0,0,0.558600666
216,200,"G",0,0,0,0,0,0,0,0,0
217,201,"R",0,0,0,0,0,0,0,0,0
218,202,"I",0,0,0,0,0,0,0,0,0
219,203,"T",0,0,0,0,0,0,0,0,0
220,204,"V",0,0,0,0,0,0,0,0,0
221,205,"S",0,0,0,0,0,0,0,0,0
222,206,"T",0,0,0,0,0,0,0,0,0
223,207,"K",0.483007529,0.48498825,0,0.48310524,0.485173596,0,0,0,0
224,208,"R",0.500324894,1.001078816,0.997441073,0.500142866,1.000653181,0.500059999,0,0,0.498172144
225,209,"S",0,0,0,0,0,0,0,0,0
226,210,"Q",0,0,0,0,0,0,0,0,0
227,211,"Q",0,0,0,0,0,0,0,0,0
228,212,"T",0.5,0,0,0,0,0,0.5,0,0
229,213,"V",0,0,0,0,0,0,0,0,0
230,214,"I",0.965717423,0.484596131,0.480652981,0.482439367,0.4847698,0.480722033,0.483290817,0,0
231,215,"P",0,0,0,0,0,0,0,0,0
232,216,"N",0.456650576,0,0,0.456650576,0,0,0,0,0
233,217,"I",0,0.484406061,0.961134031,0,0,0,0,0.484462661,0.961215047
234,218,"G",0,0,0,0,0,0,0,0,0
235,219,"S",0,0,0.49968903,0,0,0,0,0,0.499561344
236,220,"R",0,0,0,0,0,0,0,0,0
237,221,"P",0,0,1.499534902,0,0,0,0,0,1.499343847
238,222,"R",0.499973108,0,0.49996135,0,0,0,0.49994545,0,0.499945468
239,223,"V",0,0,0,0,0,0,0,0,0
240,224,"R",0,0,0,0,0,0,0,0,0
241,225,"N",0.913301152,0.922659662,3.167272311,0.913301152,0.461329831,0.904934946,0,0.461329831,2.262337365
242,226,"I",0,0,0,0,0,0,0,0,0
243,227,"P",0,0,0,0,0,0,0,0,0
244,228,"S",0,0,0,0,0,0,0,0,0
245,229,"R",0,0,0,0,0,0,0,0,0
246,230,"I",0,0,0,0,0,0,0,0,0
247,231,"S",0,0,0,0,0,0,0,0,0
248,232,"I",0,0,0,0,0,0,0,0,0
249,233,"Y",0,0,0,0,0,0,0,0,0
250,234,"W",0,0,0,0,0,0,0,0,0
251,235,"T",0,0,0,0,0,0,0,0,0
252,236,"I",0.353140362,0.35105457,0.711611249,0,0,0.355652449,0.353302485,0.351366815,0.355868613
253,237,"V",0,0,0,0,0,0,0,0,0
254,238,"K",0,0,0.481054545,0,0,0,0,0,0.481044494
255,239,"P",0,0,0,0,0,0,0,0,0
256,240,"G",0,0,0,0,0,0,0,0,0
257,241,"D",0,0,0,0,0,0,0,0,0
258,242,"I",0,0.350792478,0.710425997,0,0,0,0,0.350948448,0.710350216
259,243,"L",0,0,0,0,0,0,0,0,0
260,244,"L",0,0,0,0,0,0,0,0,0
261,245,"I",0,0,0,0,0,0,0,0,0
262,246,"N",0,0,0.905188859,0,0,0,0,0,0.905293249
263,247,"S",0,0,0,0,0,0,0,0,0
264,248,"T",0,0,0,0,0,0,0,0,0
265,249,"G",0,0,0,0,0,0,0,0,0
266,250,"N",0,0,0,0,0,0,0,0,0
267,251,"L",0,0,0,0,0,0,0,0,0
268,252,"I",0,0,0,0,0,0,0,0,0
269,253,"A",0,0,0,0,0,0,0,0,0
270,254,"P",0,0,0,0,0,0,0,0,0
271,255,"R",0,0,0,0,0,0,0,0,0
272,256,"G",0,0,0,0,0,0,0,0,0
273,257,"Y",0,0,0,0,0,0,0,0,0
274,258,"F",0,0,0,0,0,0,0,0,0
275,259,"K",0,0,0,0,0,0,0,0,0
276,260,"I",0.353456441,0,0.355507516,0,0,0,0.353944867,0,0.355590714
277,261,"R",2.764284114,2.791397201,4.558489578,0.924982083,1.860980307,2.75252817,1.835601353,0.930451226,1.818661794
278,262,"S",0,0.922659662,0.904934946,0,0,0,0,0.922659662,0.904934946
279,263,"G",0,0,0,0,0,0,0,0,0
280,264,"K",0,0.484915706,0,0,0,0,0,0.484870816,0
281,265,"S",0,0,0,0,0,0,0,0,0
282,266,"S",0,0,0,0,0,0,0,0,0
283,267,"I",0,0,0,0,0,0,0,0,0
284,268,"M",0,0.334168855,0,0,0,0,0,0.334667252,0
285,269,"R",0,0,0,0,0,0,0,0,0
286,270,"S",0,0,0,0,0,0,0,0,0
287,271,"D",0,0,0,0,0,0,0,0,0
288,272,"A",0,0,0,0,0,0,0,0,0
289,273,"P",0,0,0,0,0,0,0,0,0
290,274,"I",0,0,0,0,0,0,0,0,0
291,275,"G",0,0.499895354,0,0,0,0,0,0.499833201,0
292,276,"K",0,0,0,0,0,0,0,0,0
293,277,"C",0,0,0,0,0,0,0,0,0
294,278,"N",0,0,0,0,0,0,0,0,0
295,279,"S",0.500882346,0,0,0,0,0,0.500471972,0,0
296,280,"E",0,0,0,0,0,0,0,0,0
297,281,"C",0,0,0,0,0,0,0,0,0
298,282,"I",0,0,0,0,0,0,0,0,0
299,283,"T",0,0,0,0,0,0,0,0,0
300,284,"P",0,0,0,0,0,0,0,0,0
301,285,"N",0,0,0,0,0,0,0,0,0
302,286,"G",0,0,0,0,0,0,0,0,0
303,287,"S",0,0,0,0,0,0,0,0,0
304,288,"I",0,0,0,0,0,0,0,0,0
305,289,"P",0,1,0,0,0,0,0,1,0
306,290,"N",0,0,0,0,0,0,0,0,0
307,291,"D",0.456705344,0.922740589,0,0,0.461438415,0,0.456761694,0.461329831,0
308,292,"K",0,0,0.481423084,0,0,0,0,0,0.481411041
309,293,"P",0,0,0,0,0,0,0,0,0
310,294,"F",0,0,0,0,0,0,0,0,0
311,295,"Q",0,0,0,0,0,0,0,0,0
312,296,"N",0,0,0,0,0,0,0,0,0
313,297,"V",0,0,0,0,0,0,0,0,0
314,298,"N",0,0,0,0,0,0,0,0,0
315,299,"R",0,0,0,0,0,0,0,0,0
316,300,"I",0.482389654,0.969078013,0,0.482490643,0.48456592,0,0,0.484523018,0
317,301,"T",0,0,0,0,0,0,0,0,0
318,302,"Y",0,0,0,0,0,0,0,0,0
319,303,"G",0,0,0,0,0,0,0,0,0
320,304,"A",0,0,0,0,0,0,0,0,0
321,305,"C",0,0,0,0,0,0,0,0,0
322,306,"P",0,0,0,0,0,0,0,0,0
323,307,"R",0,0,0,0,0,0,0,0,0
324,308,"Y",0,0,0,0,0,0,0,0,0
325,309,"V",0.999329652,0.499939318,0.99927658,0,0,0,0.99864106,0.499903272,0.998979584
326,310,"K",0,0,0,0,0,0,0,0,0
327,311,"Q",0.585240803,0.573268338,1.192311911,0.592534538,0.585903654,0.614704944,0,0,0.58885357
328,312,"N",0.456770877,0.923195509,0.905019584,0,0,0,0.456894686,0.923514168,0.905054371
329,313,"T",0,0,0,0,0,0,0,0,0
330,314,"L",0,0,0,0,0,0,0,0,0
331,315,"K",0,0,0,0,0,0,0,0,0
332,316,"L",0,0,0,0,0,0,0,0,0
333,317,"A",0,0,0,0,0,0,0,0,0
334,318,"T",0,0,0,0,0,0,0,0,0
335,319,"G",0,0,0,0,0,0,0,0,0
336,320,"M",0,0,0,0,0,0,0,0,0
337,321,"R",0,0,0,0,0,0,0,0,0
338,322,"N",0,0,0,0,0,0,0,0,0
339,323,"V",0,0,0,0,0,0,0,0,0
340,324,"P",0,0,0,0,0,0,0,0,0
341,325,"E",0,0,0,0,0,0,0,0,0
342,326,"K",0.484491373,0.486545535,0.965393141,0.484245439,0.486109828,0.482990666,0,0,0.482575811
343,327,"Q",0,0.76109907,1.431857755,0,0,0,0,0.761421508,1.431367269
344,328,NA,0,0.5,0,0,0,0,0,0.5,0
345,329,NA,0,0,0,0,0,0,0,0,0
346,330,NA,0,0,0,0,0,0,0,0,0
347,331,NA,0,0,0,0,0,0,0,0,0
348,332,NA,0,0,0,0,0,0,0,0,0
349,333,NA,0,0,0,0,0,0,0,0,0
350,334,"A",0,0,0,0,0,0,0,0,0
351,335,"I",0,0,0,0,0,0,0,0,0
352,336,"A",0,0,0,0,0,0,0,0,0
353,337,"G",0,0,0,0,0,0,0,0,0
354,338,"F",0,0,0,0,0,0,0,0,0
355,339,"I",0,0,0,0,0,0,0,0,0
356,340,"E",0,0,0,0,0,0,0,0,0
357,341,"N",0,0,0,0,0,0,0,0,0
358,342,"G",0,0,0,0,0,0,0,0,0
359,343,"W",0,0,0,0,0,0,0,0,0
360,344,"E",0,0,0,0,0,0,0,0,0
361,345,"G",0,0,0,0,0,0,0,0,0
362,346,"M",0,0,0.333721822,0,0,0,0,0,0.33388174
363,347,"V",1.39533772,1.457523972,2.242967265,1.389577606,1.41840113,1.31651857,0,0,0.905457677
364,348,"D",0,0,0,0,0,0,0,0,0
365,349,"G",0,0,0,0,0,0,0,0,0
366,350,"W",0,0,0,0,0,0,0,0,0
367,351,"Y",0,0,0,0,0,0,0,0,0
368,352,"G",0,0,0,0,0,0,0,0,0
369,353,"F",0,0,0,0,0,0,0,0,0
370,354,"R",0,0,0,0,0,0,0,0,0
371,355,"H",0,0,0,0,0,0,0,0,0
372,356,"Q",0.737409552,0.760769915,0,0,0,0,0.737835549,0.76089648,0
373,357,"N",0,0,0,0,0,0,0,0,0
374,358,"S",0,0,0.5,0,0,0,0,0,0.5
375,359,"E",0,0,0,0,0,0,0,0,0
376,360,"G",0,0,0,0,0,0,0,0,0
377,361,"I",0,0.4999416,0,0,0,0,0,0.499906909,0
378,362,"G",0,0,0,0,0,0,0,0,0
379,363,"Q",0,0,0,0,0,0,0,0,0
380,364,"A",0,0,0,0,0,0,0,0,0
381,365,"A",0,0,0,0,0,0,0,0,0
382,366,"D",0,0,0,0,0,0,0,0,0
383,367,"L",0,0.500158537,0,0,0,0,0,0.500252777,0
384,368,"K",0,0,0.481114797,0,0,0,0,0,0.481129509
385,369,"S",0,0,0,0,0,0,0,0,0
386,370,"T",0,0,0,0,0,0,0,0,0
387,371,"Q",0,0,0,0,0,0,0,0,0
388,372,"A",0,0,0.500984648,0,0,0.501603643,0,0,0
389,373,"A",0,0,0,0,0,0,0,0,0
390,374,"I",0,0,0.480523841,0,0,0,0,0,0.480546598
391,375,"N",0,0,0,0,0,0,0,0,0
392,376,"Q",0,0,0,0,0,0,0,0,0
393,377,"I",0,0,0,0,0,0,0,0,0
394,378,"N",0,0,0,0,0,0,0,0,0
395,379,"G",0,0,0,0,0,0,0,0,0
396,380,"K",0,0,0,0,0,0,0,0,0
397,381,"L",0,0,0,0,0,0,0,0,0
398,382,"N",0,0,0,0,0,0,0,0,0
399,383,"R",0.905255523,0,0,0,0,0,0.911740502,0,0
400,384,"L",0,0,0,0,0,0,0,0,0
401,385,"I",0,0,0,0,0,0,0,0,0
402,386,"G",0.499975867,0,0,0,0,0,0.499951046,0,0
403,387,"K",0,0,0.481096792,0,0,0,0,0,0.481104103
404,388,"T",0,0,0,0,0,0,0,0,0
405,389,"N",0,0,0,0,0,0,0,0,0
406,390,"E",0,0,0,0,0,0,0,0,0
407,391,"K",0,0,0.962232852,0,0,0,0,0,0.962263614
408,392,"F",0,0,0,0,0,0,0,0,0
409,393,"H",0,0,0,0,0,0,0,0,0
410,394,"Q",0,0,0,0,0,0,0,0,0
411,395,"I",0,0,0,0,0,0,0,0,0
412,396,"E",0,0,0,0,0,0,0,0,0
413,397,"K",0,0,0,0,0,0,0,0,0
414,398,"E",0,0,0,0,0,0,0,0,0
415,399,"F",0,0,0,0,0,0,0,0,0
416,400,"S",0,0,0,0,0,0,0,0,0
417,401,"E",0,0,0,0,0,0,0,0,0
418,402,"V",0,0.499733832,0.5,0,0.499286478,0,0,0,0.5
419,403,"E",0,0,0,0,0,0,0,0,0
420,404,"G",0,0,0,0,0,0,0,0,0
421,405,"R",0,0,0,0,0,0,0,0,0
422,406,"I",0,0.963262972,0,0,0,0,0,0.960107191,0
423,407,"Q",0,0,0,0,0,0,0,0,0
424,408,"D",0.913421408,0.461329831,0,0,0,0,0.913545139,0.461329831,0
425,409,"L",0.499944223,0,0,0,0,0,0.499886862,0,0
426,410,"E",0,0,0,0,0,0,0,0,0
427,411,"K",0,0,0,0,0,0,0,0,0
428,412,"Y",0,0,0,0,0,0,0,0,0
429,413,"V",0,0.49997977,0.99920089,0,0,0.499520067,0,0.499967751,0.499633485
430,414,"E",0,0,0,0,0,0,0,0,0
431,415,"D",0,0,0,0,0,0,0,0,0
432,416,"T",0,0,0.499220934,0,0,0,0,0,0.498901469
433,417,"K",0,0,0,0,0,0,0,0,0
434,418,"I",0,0,0,0,0,0,0,0,0
435,419,"D",0,0,0,0,0,0,0,0,0
436,420,"L",0,0,0,0,0,0,0,0,0
437,421,"W",0,0,0,0,0,0,0,0,0
438,422,"S",0,0,0,0,0,0,0,0,0
439,423,"Y",0,0,0,0,0,0,0,0,0
440,424,"N",0,0,0,0,0,0,0,0,0
441,425,"A",0,0,0,0,0,0,0,0,0
442,426,"E",0,0,0,0,0,0,0,0,0
443,427,"L",0,0,0.499948374,0,0,0,0,0,0.49992716
444,428,"L",0,0,0,0,0,0,0,0,0
445,429,"V",0,0,0,0,0,0,0,0,0
446,430,"A",0,0.5,0,0,0.5,0,0,0,0
447,431,"L",0,0,0,0,0,0,0,0,0
448,432,"E",0,0,0,0,0,0,0,0,0
449,433,"N",0,0,0,0,0,0,0,0,0
450,434,"Q",0,0,0,0,0,0,0,0,0
451,435,"H",0,0,0,0,0,0,0,0,0
452,436,"T",0,0,0,0,0,0,0,0,0
453,437,"I",0,0,0,0,0,0,0,0,0
454,438,"D",0,0.461389417,0,0,0,0,0,0.461424826,0
455,439,"L",0,0,0,0,0,0,0,0,0
456,440,"T",0,0,0,0,0,0,0,0,0
457,441,"D",0,0,0,0,0,0,0,0,0
458,442,"S",0.550164376,0.544562674,0.557660075,0.550367217,0.544240723,0.557805123,0,0,0
459,443,"E",0,0,0,0,0,0,0,0,0
460,444,"M",0,0,0,0,0,0,0,0,0
461,445,"N",0.456650576,0,0,0,0,0,0.456650576,0,0
462,446,"K",0,0,0,0,0,0,0,0,0
463,447,"L",0,0,0,0,0,0,0,0,0
464,448,"F",0,0,0,0,0,0,0,0,0
465,449,"E",0,0,0,0,0,0,0,0,0
466,450,"R",0,0,0,0,0,0,0,0,0
467,451,"T",0,0,0,0,0,0,0,0,0
468,452,"K",0,0,0,0,0,0,0,0,0
469,453,"K",0,0.492716755,0,0,0,0,0,0.492625,0
470,454,"Q",0.738060061,0,0,0,0,0,0.739091035,0,0
471,455,"L",0,0,0,0,0,0,0,0,0
472,456,"R",0,0,0,0,0,0,0,0,0
473,457,"E",0,0,0,0,0,0,0,0,0
474,458,"N",0,0,0,0,0,0,0,0,0
475,459,"A",0,0,0,0,0,0,0,0,0
476,460,"E",0,0,0,0,0,0,0,0,0
477,461,"D",0,0,0,0,0,0,0,0,0
478,462,"M",0,0.333610812,0.670453365,0,0,0.338103135,0,0.333775891,0.334058704
479,463,"G",0,0,0,0,0,0,0,0,0
480,464,"N",0,0,0,0,0,0,0,0,0
481,465,"G",0,0,0,0,0,0,0,0,0
482,466,"C",0,0,0,0,0,0,0,0,0
483,467,"F",0,0,0,0,0,0,0,0,0
484,468,"K",0,0,0.481132815,0,0,0,0,0,0.481154934
485,469,"I",0,0,0,0,0,0,0,0,0
486,470,"Y",0,0,0,0,0,0,0,0,0
487,471,"H",0,0,0,0,0,0,0,0,0
488,472,"K",0,0,0,0,0,0,0,0,0
489,473,"C",0,0,0,0,0,0,0,0,0
490,474,"D",0,0.461329831,0,0,0,0,0,0.461329831,0
491,475,"N",0,0,0,0,0,0,0,0,0
492,476,"A",0.5,1.5,0,0,0.5,0,0.5,1,0
493,477,"C",0,0,0,0,0,0,0,0,0
494,478,"I",0.352951312,0,0,0,0,0,0.352918834,0,0
495,479,"G",0,0,0,0,0,0,0,0,0
496,480,"S",0,0,0,0,0,0,0,0,0
497,481,"I",0,0,0,0,0,0,0,0,0
498,482,"R",0,0,0,0,0,0,0,0,0
499,483,"N",0,0,0,0,0,0,0,0,0
500,484,"G",0,0,0,0,0,0,0,0,0
501,485,"T",0,0,0,0,0,0,0,0,0
502,486,"Y",0,0,0,0,0,0,0,0,0
503,487,"D",0,0,0,0,0,0,0,0,0
504,488,"H",0,0,0,0,0,0,0,0,0
505,489,"D",1.370856747,0.923016849,2.263188083,0.913301152,0.461329831,0.904934946,0.457262971,0.461614598,1.35812273
506,490,"V",0,0.499202745,0,0,0,0,0,0.498730273,0
507,491,"Y",0,0,0,0,0,0,0,0,0
508,492,"R",0,0,0,0,0,0,0,0,0
509,493,"D",0.456650576,0.461329831,0,0,0.461329831,0,0.456650576,0,0
510,494,"E",0,0,0,0,0,0,0,0,0
511,495,"A",0,0.500104792,0,0,0,0,0,0.500167073,0
512,496,"L",0,0,0,0,0,0,0,0,0
513,497,"N",0,0,0,0,0,0,0,0,0
514,498,"N",0,0,0,0,0,0,0,0,0
515,499,"R",0,0,0,0,0,0,0,0,0
516,500,"F",0,0,0,0,0,0,0,0,0
517,501,"Q",0,0,0,0,0,0,0,0,0
518,502,"I",0,0,0,0,0,0,0,0,0
519,503,"K",0,0,0.491158618,0,0,0,0,0,0.491082663
520,504,NA,0,0,0,0,0,0,0,0,0
521,505,NA,0.499944232,0.999595456,0.999680387,0,0.499891399,0.499657303,0.499886881,0.499742092,0.499915394
522,506,NA,0,0,0,0,0,0,0,0,0
523,507,NA,0,0,0,0,0,0,0,0,0
524,508,NA,0.492238789,0,0.491260457,0,0,0,0.492408947,0,0.491226322
525,509,NA,0.55226675,0,0,0,0,0,0.552085674,0,0
526,510,NA,0,1.001946859,0,0,0.502620407,0,0,0.500000008,0
527,511,NA,0,0,0,0,0,0,0,0,0
528,512,NA,0,0,0,0,0,0,0,0,0
529,513,NA,0,0,0,0,0,0,0,0,0
530,514,NA,0,0,0,0,0,0,0,0,0
531,515,NA,0,0,0,0,0,0,0,0,0
532,516,NA,0,0,0,0,0,0,0,0,0
533,517,NA,0,0,0,0,0,0,0,0,0
534,518,NA,0,0,0,0,0,0,0,0,0
535,519,NA,0,0,0,0,0,0,0,0,0
536,520,NA,0,0,0,0,0,0,0,0,0
537,521,NA,0,0,0,0,0,0,0,0,0
538,522,NA,0.352919716,0,0,0,0,0,0.352854755,0,0
539,523,NA,0,0,0,0,0,0,0,0,0
540,524,NA,0,0,0,0,0,0,0,0,0
541,525,NA,0,0,0,0,0,0,0,0,0
542,526,NA,0,0,0,0,0,0,0,0,0
543,527,NA,0,0,0,0,0,0,0,0,0
544,528,NA,0,0.484250567,0,0,0,0,0,0.484214773,0
545,529,NA,0.499888287,0.49977747,0.999040958,0,0.49972838,0.499931414,0.49977343,0,0.499351795
546,530,NA,1,0,1,0.5,0,0.5,0.5,0,0.5
547,531,NA,0,0,0,0,0,0,0,0,0
548,532,NA,0,0,0.816749014,0,0,0,0,0,0.816483012
549,533,NA,0,0,0,0,0,0,0,0,0
550,534,NA,0,0,0,0,0,0,0,0,0
551,535,NA,0,0,0.480505379,0,0,0,0,0,0.480520547
552,536,NA,0,0.333723568,0.333394108,0,0,0,0,0.333955852,0.333419091
553,537,NA,0,0,0,0,0,0,0,0,0
554,538,NA,0,0,0,0,0,0,0,0,0
555,539,NA,0,0,0,0,0,0,0,0,0
556,540,NA,0,0,0,0,0,0,0,0,0
557,541,NA,0,0,0.491033584,0,0,0,0,0,0.490964548
558,542,NA,0,0,0,0,0,0,0,0,0
559,543,NA,0,0,0,0,0,0,0,0,0
560,544,NA,0,0,0,0,0,0,0,0,0
561,545,NA,0,0,0,0,0,0,0,0,0
562,546,NA,0,0,0,0,0,0,0,0,0
563,547,NA,0,0,0,0,0,0,0,0,0
564,548,NA,0,0,0,0,0,0,0,0,0
565,549,NA,0,0,0,0,0,0,0,0,0
566,550,NA,0,0,0,0,0,0,0,0,0
